,player,Club,Score,position,Rarity,Usd,ETH
0,S. Berhalter - Vancouver Whitecaps FC,Vancouver Whitecaps FC,54.1,3,rare,162.63333333333335,5.416666666666666e+16
2,J. Brown - Vancouver Whitecaps FC,Vancouver Whitecaps FC,43.4,2,rare,44.03,2.09e+16
4,C. Cropper - Vancouver Whitecaps FC,Vancouver Whitecaps FC,23.7,1,rare,331.1066666666666,1.6766666666666666e+17
7,F. Jungwirth - Vancouver Whitecaps FC,Vancouver Whitecaps FC,36.0,2,rare,35.92,1.2666666666666666e+16
9,M. Campagna - Vancouver Whitecaps FC,Vancouver Whitecaps FC,0.0,3,rare,86.075,3.53e+16
11,R. Teibert - Vancouver Whitecaps FC,Vancouver Whitecaps FC,32.5,3,rare,125.27333333333333,4.5033333333333336e+16
13,C. DÃ¡jome - Vancouver Whitecaps FC,Vancouver Whitecaps FC,56.2,4,rare,340.3066666666667,1.6466666666666666e+17
15,M. Godinho - Vancouver Whitecaps FC,Vancouver Whitecaps FC,0.0,2,rare,35.4,1.32e+16
17,B. White - Vancouver Whitecaps FC,Vancouver Whitecaps FC,40.3,4,rare,445.04,2.045e+17
19,R. VeselinoviÄ - Vancouver Whitecaps FC,Vancouver Whitecaps FC,0.0,2,rare,167.30666666666667,7.58e+16
21,L. Cavallini - Vancouver Whitecaps FC,Vancouver Whitecaps FC,73.7,4,rare,197.02,7.916666666666667e+16
23,L. Owusu - Vancouver Whitecaps FC,Vancouver Whitecaps FC,0.0,3,rare,47.91666666666666,1.76e+16
25,P. Vite - Vancouver Whitecaps FC,Vancouver Whitecaps FC,27.9,4,rare,173.57999999999998,7.105e+16
27,M. Baldisimo - Vancouver Whitecaps FC,Vancouver Whitecaps FC,25.9,3,rare,52.34333333333333,2.103333333333333e+16
29,Caio Alexandre - Vancouver Whitecaps FC,Vancouver Whitecaps FC,0.0,3,rare,99.29666666666668,3.453333333333333e+16
31,D. Caicedo - Vancouver Whitecaps FC,Vancouver Whitecaps FC,66.6,4,rare,387.72,1.8146666666666662e+17
33,I. Boehmer - Vancouver Whitecaps FC,Vancouver Whitecaps FC,0.0,1,rare,138.85666666666663,5.076666666666666e+16
35,J. Nerwinski - Vancouver Whitecaps FC,Vancouver Whitecaps FC,35.5,2,rare,56.76666666666667,2.6666666666666668e+16
37,T. Hasal - Vancouver Whitecaps FC,Vancouver Whitecaps FC,0.0,1,rare,1703.3833333333332,6.466666666666666e+17
39,C. GutiÃ©rrez - Vancouver Whitecaps FC,Vancouver Whitecaps FC,22.2,2,rare,94.73333333333332,3.7133333333333336e+16
41,E. Godoy - Vancouver Whitecaps FC,Vancouver Whitecaps FC,74.5,2,rare,50.68,2.643333333333333e+16
43,J. Cascante - Austin FC,Austin FC,64.2,2,rare,381.4966666666666,1.509e+17
45,F. Kleemann - Austin FC,Austin FC,0.0,2,rare,24.10333333333333,9600000000000000.0
47,J. Gallagher - Austin FC,Austin FC,24.7,4,rare,112.57666666666668,5.12e+16
49,M. DjittÃ© - Austin FC,Austin FC,0.0,4,rare,84.895,3.125e+16
51,A. Tarbell - Austin FC,Austin FC,48.1,1,rare,232.61333333333332,1.01e+17
53,Jared Stroud - Austin FC,Austin FC,0.0,3,rare,40.29666666666667,1.4133333333333334e+16
55,R. Redes - Austin FC,Austin FC,0.0,4,rare,86.105,3.29e+16
57,H. JimÃ©nez - Austin FC,Austin FC,40.3,3,rare,28.223333333333333,1.2866666666666666e+16
59,Å½. KolmaniÄ - Austin FC,Austin FC,36.8,2,rare,96.34666666666664,3.68e+16
61,K. Keller - Austin FC,Austin FC,0.0,2,rare,110.655,3.86e+16
63,C. DomÃ­nguez - Austin FC,Austin FC,0.0,3,rare,255.7933333333333,9.633333333333331e+16
65,D. FagÃºndez - Austin FC,Austin FC,63.7,3,rare,1115.503333333333,5.066666666666667e+17
67,Daniel Pereira - Austin FC,Austin FC,20.0,3,rare,255.98333333333332,1.2833333333333331e+17
69,B. Stuver - Austin FC,Austin FC,0.0,1,rare,1009.0433333333334,4.206666666666667e+17
71,S. Driussi - Austin FC,Austin FC,37.1,4,rare,2124.3766666666666,8.741666666666666e+17
73,A. Ring - Austin FC,Austin FC,63.8,3,rare,228.47,1.196e+17
75,E. Finlay - Austin FC,Austin FC,37.8,3,rare,37.98333333333333,2.02e+16
77,J. RomaÃ±a - Austin FC,Austin FC,0.0,2,rare,81.07333333333334,3.0866666666666668e+16
79,O. Wolff - Austin FC,Austin FC,33.2,3,rare,120.445,4.45e+16
81,Felipe Martins - Austin FC,Austin FC,29.0,3,rare,15.356666666666667,7600000000000000.0
83,M. Urruti - Austin FC,Austin FC,35.7,4,rare,368.5,1.8026666666666662e+17
85,N. Lima - Austin FC,Austin FC,20.0,2,rare,85.42999999999999,3.6233333333333336e+16
87,D. Hoesen - Austin FC,Austin FC,0.0,4,rare,69.02,2.5366666666666668e+16
89,F. Ibarra - Atlanta United,Atlanta United,78.2,3,rare,122.88666666666666,4.4033333333333336e+16
91,T. Wolff - Atlanta United,Atlanta United,0.0,4,rare,144.34333333333333,5.3333333333333336e+16
93,J. MartÃ­nez - Atlanta United,Atlanta United,0.0,4,rare,739.7466666666666,2.934666666666667e+17
95,A. Franco - Atlanta United,Atlanta United,60.0,2,rare,340.03666666666663,1.517e+17
97,A. De John - Atlanta United,Atlanta United,50.7,2,rare,48.23,2.42e+16
99,A. Sejdic - Atlanta United,Atlanta United,0.0,3,rare,51.373333333333335,2.03e+16
101,D. Moreno - Atlanta United,Atlanta United,50.7,3,rare,637.46,2.7886666666666662e+17
103,Luiz Araujo - Atlanta United,Atlanta United,74.0,4,rare,1077.3333333333333,3.971666666666667e+17
105,M. Robinson - Atlanta United,Atlanta United,0.0,2,rare,168.71,7.52e+16
107,Matheus Rossetto - Atlanta United,Atlanta United,48.6,3,rare,126.61,5.6933333333333336e+16
109,B. Lennon - Atlanta United,Atlanta United,45.1,2,rare,197.33333333333331,1.0166666666666669e+17
111,D. Castanheira - Atlanta United,Atlanta United,0.0,1,rare,114.83333333333331,3.4666666666666668e+16
113,O. Alonso - Atlanta United,Atlanta United,0.0,3,rare,17.853333333333335,6700000000000000.0
115,B. Guzan - Atlanta United,Atlanta United,0.0,1,rare,111.18333333333334,4.6e+16
117,E. Hyndman - Atlanta United,Atlanta United,33.3,3,rare,84.68333333333334,3.24e+16
119,Machop Chol - Atlanta United,Atlanta United,0.0,4,rare,55.906666666666666,2.033333333333333e+16
121,G. Campbell - Atlanta United,Atlanta United,0.0,2,rare,152.38666666666666,6.96e+16
123,R. HernÃ¡ndez - Atlanta United,Atlanta United,0.0,2,rare,44.126666666666665,2.16e+16
125,M. Ambrose - Atlanta United,Atlanta United,0.0,2,rare,11.63,4133333333333333.5
127,A. Gutman - Atlanta United,Atlanta United,22.7,2,rare,109.77333333333333,5.7533333333333336e+16
129,B. Shuttleworth - Atlanta United,Atlanta United,42.2,1,rare,329.0433333333333,1.7106666666666666e+17
131,B. Washington - Atlanta United,Atlanta United,0.0,2,rare,30.713333333333328,1.2033333333333334e+16
133,S. Sosa - Atlanta United,Atlanta United,0.0,3,rare,314.90000000000003,1.1693333333333331e+17
135,C. Wiley - Atlanta United,Atlanta United,0.0,2,rare,699.91,2.437e+17
137,R. RÃ­os - Atlanta United,Atlanta United,0.0,1,rare,556.68,2.3666666666666662e+17
139,J. Conway - Atlanta United,Atlanta United,0.0,4,rare,109.77,3.926666666666666e+16
141,T. Almada - Atlanta United,Atlanta United,93.5,3,rare,2145.393333333333,8.964666666666666e+17
143,F. Navarro - Chicago Fire FC,Chicago Fire FC,49.5,3,rare,434.6666666666667,1.5143333333333334e+17
145,X. Shaqiri - Chicago Fire FC,Chicago Fire FC,94.4,3,rare,839.61,3.196666666666667e+17
147,F. Herbers - Chicago Fire FC,Chicago Fire FC,45.7,4,rare,182.4933333333333,7.35e+16
150,R. Czichos - Chicago Fire FC,Chicago Fire FC,30.0,2,rare,322.2033333333333,1.315e+17
152,J. Bornstein - Chicago Fire FC,Chicago Fire FC,37.2,2,rare,18.886666666666667,6566666666666667.0
154,B. Gutierrez - Chicago Fire FC,Chicago Fire FC,26.3,3,rare,173.3066666666667,7.786666666666667e+16
156,A. Monis - Chicago Fire FC,Chicago Fire FC,0.0,4,rare,43.59333333333333,1.7233333333333334e+16
158,G. GimÃ©nez - Chicago Fire FC,Chicago Fire FC,52.9,3,rare,168.55666666666664,7.723333333333333e+16
160,A. Reynolds - Chicago Fire FC,Chicago Fire FC,0.0,2,rare,31.106666666666666,1.3633333333333334e+16
162,W. Omsberg - Chicago Fire FC,Chicago Fire FC,45.9,2,rare,161.04333333333332,6.016666666666666e+16
164,G. Slonina - Chicago Fire FC,Chicago Fire FC,14.9,1,rare,3673.286666666667,1.4131e+18
166,M. Pineda - Chicago Fire FC,Chicago Fire FC,0.0,2,rare,229.44666666666663,8.783333333333333e+16
168,A. Rodriguez - Chicago Fire FC,Chicago Fire FC,0.0,3,rare,62.943333333333335,1.943333333333333e+16
170,S. Oregel - Chicago Fire FC,Chicago Fire FC,0.0,3,rare,98.955,3.735e+16
172,B. SekuliÄ - Chicago Fire FC,Chicago Fire FC,40.5,2,rare,101.85,4.71e+16
174,V. Bezerra - Chicago Fire FC,Chicago Fire FC,0.0,4,rare,45.945,1.795e+16
176,J. Casas - Chicago Fire FC,Chicago Fire FC,0.0,3,rare,79.89333333333333,2.8266666666666668e+16
179,K. PrzybyÅko - Chicago Fire FC,Chicago Fire FC,0.0,4,rare,422.0466666666666,1.7883333333333334e+17
181,J. DurÃ¡n - Chicago Fire FC,Chicago Fire FC,61.9,4,rare,443.3033333333333,1.56e+17
183,M. RodrÃ­guez - Chicago Fire FC,Chicago Fire FC,0.0,4,rare,46.86,1.725e+16
185,K. Burks - Chicago Fire FC,Chicago Fire FC,0.0,2,rare,39.583333333333336,1.41e+16
187,J. Espinoza - Chicago Fire FC,Chicago Fire FC,21.6,2,rare,42.52666666666666,1.65e+16
189,M. Navarro - Chicago Fire FC,Chicago Fire FC,0.0,2,rare,260.3333333333333,9.57e+16
191,S. Richey - Chicago Fire FC,Chicago Fire FC,0.0,1,rare,186.56333333333336,6.5633333333333336e+16
193,C. TerÃ¡n - Chicago Fire FC,Chicago Fire FC,0.0,2,rare,62.38666666666666,2.17e+16
195,C. Brady - Chicago Fire FC,Chicago Fire FC,0.0,1,rare,404.34,1.4073333333333331e+17
197,A. Cruz - FC Cincinnati,FC Cincinnati,0.0,3,rare,24.89,1.0433333333333334e+16
199,K. Vermeer - FC Cincinnati,FC Cincinnati,0.0,1,rare,65.22333333333333,2.543333333333333e+16
201,Z. Bailey - FC Cincinnati,FC Cincinnati,0.0,2,rare,64.60666666666667,2.81e+16
203,Brenner - FC Cincinnati,FC Cincinnati,0.0,4,rare,528.5366666666667,2.319e+17
205,B. Sunderland - FC Cincinnati,FC Cincinnati,0.0,1,rare,166.22666666666666,6.67e+16
207,A. Kann - FC Cincinnati,FC Cincinnati,0.0,1,rare,479.57,2.0696666666666662e+17
209,D. Badji - FC Cincinnati,FC Cincinnati,36.9,4,rare,209.57333333333332,8.733333333333333e+16
211,A. Ordonez - FC Cincinnati,FC Cincinnati,25.0,4,rare,93.37666666666668,3.88e+16
213,T. Blackett - FC Cincinnati,FC Cincinnati,22.8,2,rare,86.98,3.285e+16
215,I. Murphy - FC Cincinnati,FC Cincinnati,28.2,2,rare,134.53666666666666,4.6333333333333336e+16
217,J. Nelson - FC Cincinnati,FC Cincinnati,43.5,2,rare,61.99,2.9666666666666668e+16
219,H. Medunjanin - FC Cincinnati,FC Cincinnati,28.9,3,rare,21.71,9766666666666666.0
221,R. Celentano - FC Cincinnati,FC Cincinnati,39.7,1,rare,1066.16,4.2375e+17
223,R. Matarrita - FC Cincinnati,FC Cincinnati,0.0,2,rare,54.01333333333334,2.31e+16
225,B. VÃ¡zquez - FC Cincinnati,FC Cincinnati,34.8,4,rare,623.97,3.122e+17
227,G. Cameron - FC Cincinnati,FC Cincinnati,0.0,2,rare,46.51666666666667,1.843333333333333e+16
229,Ã. Barreal - FC Cincinnati,FC Cincinnati,43.7,3,rare,142.18666666666667,5.6033333333333336e+16
231,R. Gaddis - FC Cincinnati,FC Cincinnati,0.0,2,rare,33.185,1.275e+16
233,H. Robledo - FC Cincinnati,FC Cincinnati,0.0,3,rare,31.96666666666667,1.1e+16
235,L. Acosta - FC Cincinnati,FC Cincinnati,72.6,3,rare,686.39,3.542666666666667e+17
237,C. Harris - FC Cincinnati,FC Cincinnati,0.0,4,rare,154.18333333333334,7.1633333333333336e+16
239,A. Powell - FC Cincinnati,FC Cincinnati,49.3,2,rare,95.6,4.286666666666666e+16
241,Y. Kubo - FC Cincinnati,FC Cincinnati,0.0,4,rare,206.36,9.316666666666669e+16
243,I. Atanga - FC Cincinnati,FC Cincinnati,0.0,4,rare,61.29333333333333,2.243333333333333e+16
245,N. Markanich - FC Cincinnati,FC Cincinnati,0.0,4,rare,73.56,2.755e+16
247,J. Moreno - FC Cincinnati,FC Cincinnati,33.8,3,rare,186.63,9.603333333333331e+16
249,N. Hagglund - FC Cincinnati,FC Cincinnati,66.7,2,rare,137.40333333333334,6.4033333333333336e+16
251,C. Warner - Colorado Rapids,Colorado Rapids,0.0,3,rare,19.71666666666667,8400000000000000.0
253,O. Larraz - Colorado Rapids,Colorado Rapids,0.0,3,rare,33.54,1.1733333333333334e+16
255,A. Rodriguez - Colorado Rapids,Colorado Rapids,0.0,1,rare,114.66,4.4833333333333336e+16
257,J. Lewis - Colorado Rapids,Colorado Rapids,70.2,3,rare,109.45666666666666,3.96e+16
259,M. Barrios - Colorado Rapids,Colorado Rapids,29.6,4,rare,181.5566666666667,9.253333333333331e+16
261,A. Markanich - Colorado Rapids,Colorado Rapids,0.0,2,rare,36.47333333333333,1.4566666666666666e+16
263,A. Trusty - Colorado Rapids,Colorado Rapids,45.7,2,rare,386.0933333333333,1.979333333333333e+17
265,M. Edwards - Colorado Rapids,Colorado Rapids,0.0,2,rare,30.63,1.12e+16
267,S. Anderson - Colorado Rapids,Colorado Rapids,0.0,2,rare,30.50333333333333,1.2233333333333334e+16
269,S. Beitashour - Colorado Rapids,Colorado Rapids,31.5,2,rare,23.47666666666667,8900000000000000.0
271,D. Rubio - Colorado Rapids,Colorado Rapids,82.0,4,rare,520.0366666666666,2.71e+17
273,B. GalvÃ¡n - Colorado Rapids,Colorado Rapids,0.0,3,rare,64.64666666666666,2.663333333333333e+16
275,L. Abubakar - Colorado Rapids,Colorado Rapids,59.4,2,rare,222.6833333333333,1.15e+17
277,W. Yarbrough - Colorado Rapids,Colorado Rapids,63.4,1,rare,1117.2266666666667,4.555666666666667e+17
279,G. Vallecilla - Colorado Rapids,Colorado Rapids,0.0,2,rare,74.45666666666666,2.2566666666666668e+16
281,G. Zardes - Colorado Rapids,Colorado Rapids,63.7,4,rare,419.7266666666667,1.7833333333333334e+17
283,N. Mezquida - Colorado Rapids,Colorado Rapids,23.8,3,rare,16.393333333333334,6966666666666667.0
285,D. Moor - Colorado Rapids,Colorado Rapids,0.0,2,rare,6.423333333333333,3300000000000000.0
287,P. Mayaka - Colorado Rapids,Colorado Rapids,0.0,3,rare,43.02,1.5366666666666666e+16
289,K. Rosenberry - Colorado Rapids,Colorado Rapids,42.6,2,rare,160.90333333333334,6.9333333333333336e+16
291,J. Price - Colorado Rapids,Colorado Rapids,35.3,3,rare,495.65,2.41e+17
293,Max - Colorado Rapids,Colorado Rapids,26.7,3,rare,158.66333333333333,6.296666666666666e+16
295,B. Acosta - Colorado Rapids,Colorado Rapids,60.4,3,rare,41.50333333333334,2.05e+16
297,D. Toure - Colorado Rapids,Colorado Rapids,0.0,4,rare,119.06,4.2433333333333336e+16
299,M. Kaye - Colorado Rapids,Colorado Rapids,45.1,3,rare,275.7,9.77e+16
301,C. Irwin - Colorado Rapids,Colorado Rapids,0.0,1,rare,66.48666666666666,2.433333333333333e+16
303,A. Keita - Colorado Rapids,Colorado Rapids,0.0,2,rare,55.00333333333333,1.833333333333333e+16
305,D. Wilson - Colorado Rapids,Colorado Rapids,65.3,2,rare,154.0,8.066666666666667e+16
307,Lucas Esteves - Colorado Rapids,Colorado Rapids,42.6,2,rare,106.82,3.8e+16
309,L. DÃ­az - Columbus Crew,Columbus Crew,35.2,3,rare,34.376666666666665,1.5133333333333334e+16
311,I. Parente - Columbus Crew,Columbus Crew,0.0,3,rare,33.85,1.17e+16
313,Pedro Santos - Columbus Crew,Columbus Crew,54.9,3,rare,279.66,1.3166666666666669e+17
315,J. Williams - Columbus Crew,Columbus Crew,45.6,2,rare,59.03,2.3066666666666668e+16
317,D. Nagbe - Columbus Crew,Columbus Crew,70.3,3,rare,280.47333333333336,1.44e+17
320,Y. Yeboah - Columbus Crew,Columbus Crew,25.9,3,rare,144.23,5.43e+16
322,E. Bush - Columbus Crew,Columbus Crew,0.0,1,rare,32.473333333333336,1.1733333333333334e+16
324,S. Zawadzki - Columbus Crew,Columbus Crew,0.0,3,rare,39.17,1.47e+16
326,Artur - Columbus Crew,Columbus Crew,44.4,3,rare,149.11333333333332,6.79e+16
328,L. ZelarayÃ¡n - Columbus Crew,Columbus Crew,42.2,3,rare,1508.2033333333336,6.416666666666666e+17
330,A. Morris - Columbus Crew,Columbus Crew,0.0,3,rare,109.39,4.7133333333333336e+16
332,Miguel Berry - Columbus Crew,Columbus Crew,34.8,4,rare,332.1233333333333,1.6243333333333334e+17
334,P. Kitchen - Columbus Crew,Columbus Crew,0.0,3,rare,25.30333333333333,8933333333333333.0
336,A. MÄÈan - Columbus Crew,Columbus Crew,0.0,3,rare,42.75666666666666,2.0166666666666668e+16
338,P. Schulte - Columbus Crew,Columbus Crew,0.0,1,rare,93.855,3.455e+16
340,E. Hurtado - Columbus Crew,Columbus Crew,26.6,4,rare,33.78,1.42e+16
342,J. Mensah - Columbus Crew,Columbus Crew,29.5,2,rare,147.72,6.8e+16
344,K. Molino - Columbus Crew,Columbus Crew,0.0,4,rare,103.13666666666666,3.6433333333333336e+16
346,M. Degenek - Columbus Crew,Columbus Crew,0.0,2,rare,161.80333333333334,5.9e+16
348,W. Sands - Columbus Crew,Columbus Crew,0.0,2,rare,48.315,1.9e+16
350,E. Room - Columbus Crew,Columbus Crew,46.1,1,rare,760.3299999999999,3.596666666666667e+17
352,J. Morris - Columbus Crew,Columbus Crew,0.0,2,rare,21.4,7566666666666667.0
354,D. Etienne - Columbus Crew,Columbus Crew,41.3,3,rare,199.95666666666668,7.416666666666667e+16
356,J. Anibaba - Columbus Crew,Columbus Crew,0.0,2,rare,4.176666666666667,1766666666666666.8
358,J. Igbekeme - Columbus Crew,Columbus Crew,46.6,3,rare,96.04,3.3966666666666668e+16
360,N. Burgess - FC Dallas,FC Dallas,38.4,2,rare,46.28333333333333,2.023333333333333e+16
362,F. QuignÃ³n - FC Dallas,FC Dallas,59.3,3,rare,90.25666666666666,3.133333333333333e+16
364,E. Munjoma - FC Dallas,FC Dallas,0.0,2,rare,27.21666666666667,9900000000000000.0
366,J. QuiÃ±Ã³nez - FC Dallas,FC Dallas,29.2,2,rare,64.23666666666666,2.323333333333333e+16
368,A. Velasco - FC Dallas,FC Dallas,0.0,4,rare,1397.8266666666666,6.573333333333334e+17
370,P. Arriola - FC Dallas,FC Dallas,65.4,3,rare,336.93666666666667,1.6033333333333334e+17
372,E. Twumasi - FC Dallas,FC Dallas,38.6,3,rare,105.57666666666668,3.81e+16
374,F. Jara - FC Dallas,FC Dallas,27.6,4,rare,96.67666666666666,3.463333333333333e+16
376,M. Hedges - FC Dallas,FC Dallas,38.4,2,rare,220.0,9.97e+16
378,JosÃ© MartÃ­nez - FC Dallas,FC Dallas,0.0,2,rare,125.01333333333334,5.37e+16
380,Nanu - FC Dallas,FC Dallas,28.3,2,rare,45.92666666666667,2.01e+16
382,J. Obrian - FC Dallas,FC Dallas,68.9,4,rare,207.26,8.07e+16
384,T. Ntsabeleng - FC Dallas,FC Dallas,45.5,4,rare,164.89,6.655e+16
386,P. Pomykal - FC Dallas,FC Dallas,66.3,3,rare,209.02666666666664,1.0136666666666669e+17
388,L. Bartlett - FC Dallas,FC Dallas,0.0,2,rare,26.08,9266666666666666.0
390,M. Paes - FC Dallas,FC Dallas,0.0,1,rare,1391.746666666667,6e+17
392,J. Ferreira - FC Dallas,FC Dallas,83.8,4,rare,1445.64,6.234333333333334e+17
394,J. Maurer - FC Dallas,FC Dallas,42.2,1,rare,147.87,5.25e+16
396,B. Servania - FC Dallas,FC Dallas,30.6,3,rare,534.2266666666666,2.097333333333333e+17
398,K. Elmedkhar - FC Dallas,FC Dallas,0.0,3,rare,30.90333333333333,1.1766666666666666e+16
400,I. Parker - FC Dallas,FC Dallas,0.0,4,rare,151.23999999999998,5.54e+16
402,E. Cerrillo - FC Dallas,FC Dallas,24.4,3,rare,91.33333333333331,3.4066666666666668e+16
404,M. Farfan - FC Dallas,FC Dallas,71.1,2,rare,162.83,7.426666666666667e+16
406,B. RedÅ¾ic - FC Dallas,FC Dallas,0.0,4,rare,54.57666666666666,2.163333333333333e+16
408,S. SchÃ¶n - FC Dallas,FC Dallas,0.0,4,rare,143.41333333333333,5.306666666666666e+16
410,K. Smith - DC United,DC United,0.0,4,rare,40.70333333333333,1.3833333333333334e+16
412,T. Fountas - DC United,DC United,80.3,4,rare,885.9200000000001,3.816666666666667e+17
414,D. Pines - DC United,DC United,72.7,2,rare,102.21666666666664,5e+16
416,B. Hines-Ike - DC United,DC United,43.3,2,rare,121.63333333333333,5.586666666666666e+16
418,A. Perez - DC United,DC United,0.0,4,rare,43.84666666666666,1.73e+16
421,T. Ku-Dipietro - DC United,DC United,0.0,3,rare,50.43333333333334,1.833333333333333e+16
423,J. Alfaro - DC United,DC United,0.0,2,rare,32.35333333333333,1.2833333333333334e+16
425,B. Hamid - DC United,DC United,57.1,1,rare,835.4866666666667,4.031e+17
427,J. Garay - DC United,DC United,0.0,3,rare,44.473333333333336,1.5766666666666666e+16
429,Ã. Flores - DC United,DC United,37.2,3,rare,76.89,3.9933333333333336e+16
431,R. Canouse - DC United,DC United,60.0,3,rare,125.94333333333334,4.866666666666666e+16
433,O. Kamara - DC United,DC United,62.6,4,rare,427.29,1.6046666666666666e+17
435,A. Najar - DC United,DC United,0.0,2,rare,92.78000000000002,4.536666666666666e+16
437,G. Samake - DC United,DC United,0.0,2,rare,28.96333333333333,1.0066666666666666e+16
439,H. Sargis - DC United,DC United,0.0,2,rare,25.28,8733333333333333.0
441,J. Greene - DC United,DC United,0.0,2,rare,44.14000000000001,1.54e+16
443,C. Odoi-Atsem - DC United,DC United,0.0,2,rare,21.46333333333333,7633333333333333.0
445,B. Smith - DC United,DC United,24.5,2,rare,52.77,2.7566666666666668e+16
447,J. Gressel - DC United,DC United,29.2,2,rare,211.31000000000003,8.343333333333333e+16
449,S. Djeffal - DC United,DC United,39.6,3,rare,147.325,5.755e+16
451,N. Robertha - DC United,DC United,0.0,4,rare,114.41,4.6133333333333336e+16
453,J. Kempin - DC United,DC United,0.0,1,rare,225.35,7.906666666666667e+16
455,C. Durkin - DC United,DC United,14.2,3,rare,110.19,4.2933333333333336e+16
457,M. Estrada - DC United,DC United,64.8,4,rare,307.265,1.13e+17
459,D. Skundrich - DC United,DC United,25.0,3,rare,35.67333333333333,1.2466666666666666e+16
461,M. Nyeman - DC United,DC United,0.0,3,rare,151.58333333333334,5.63e+16
463,S. Birnbaum - DC United,DC United,61.7,2,rare,196.52,7.575e+16
465,E. Bartlow - Houston Dynamo FC,Houston Dynamo FC,32.9,2,rare,39.04666666666667,1.3666666666666666e+16
467,S. Ferreira - Houston Dynamo FC,Houston Dynamo FC,0.0,4,rare,510.06,2.19e+17
469,D. RÃ­os - Houston Dynamo FC,Houston Dynamo FC,0.0,3,rare,35.75666666666667,1.2666666666666666e+16
471,Ã. Ãlfarsson - Houston Dynamo FC,Houston Dynamo FC,35.5,4,rare,173.39,6.825e+16
473,S. Clark - Houston Dynamo FC,Houston Dynamo FC,60.0,1,rare,718.7599999999999,3.283333333333333e+17
475,I. Hoffmann - Houston Dynamo FC,Houston Dynamo FC,0.0,3,rare,38.43,1.3266666666666666e+16
477,G. Dorsey - Houston Dynamo FC,Houston Dynamo FC,23.4,3,rare,100.79666666666668,4.6333333333333336e+16
479,C. Baird - Houston Dynamo FC,Houston Dynamo FC,0.0,3,rare,65.26,2.43e+16
481,F. Picault - Houston Dynamo FC,Houston Dynamo FC,60.3,3,rare,388.9766666666667,1.351e+17
483,Z. Valentin - Houston Dynamo FC,Houston Dynamo FC,0.0,2,rare,13.04,5133333333333333.0
485,D. Steres - Houston Dynamo FC,Houston Dynamo FC,0.0,2,rare,74.2,2.5866666666666668e+16
487,J. RodrÃ­guez - Houston Dynamo FC,Houston Dynamo FC,53.2,3,rare,40.04666666666667,1.8266666666666668e+16
489,C. Quintero - Houston Dynamo FC,Houston Dynamo FC,69.7,4,rare,521.7833333333334,2.003333333333333e+17
491,A. Lundqvist - Houston Dynamo FC,Houston Dynamo FC,17.4,2,rare,164.96,8.566666666666667e+16
493,G. Vera - Houston Dynamo FC,Houston Dynamo FC,0.0,3,rare,144.22666666666666,6.1333333333333336e+16
495,T. Pasher - Houston Dynamo FC,Houston Dynamo FC,28.5,4,rare,157.11,6.6733333333333336e+16
497,D. CerÃ©n - Houston Dynamo FC,Houston Dynamo FC,41.8,3,rare,13.94,6233333333333333.0
499,S. Junqua - Houston Dynamo FC,Houston Dynamo FC,38.0,2,rare,44.17666666666667,1.6033333333333334e+16
501,T. Parker - Houston Dynamo FC,Houston Dynamo FC,42.5,2,rare,120.72333333333334,5.3633333333333336e+16
503,M. Nelson - Houston Dynamo FC,Houston Dynamo FC,0.0,1,rare,137.68,5.3e+16
505,J. Castilla - Houston Dynamo FC,Houston Dynamo FC,0.0,3,rare,58.70666666666667,2.113333333333333e+16
507,M. Palomino - Houston Dynamo FC,Houston Dynamo FC,0.0,3,rare,38.405,1.39e+16
509,L. Campana - Inter Miami CF,Inter Miami CF,72.0,4,rare,936.6166666666668,3.347333333333333e+17
511,E. Azcona - Inter Miami CF,Inter Miami CF,0.0,3,rare,92.55666666666669,3.22e+16
513,B. Matuidi - Inter Miami CF,Inter Miami CF,0.0,3,rare,38.42666666666667,1.1666666666666666e+16
515,V. Ulloa - Inter Miami CF,Inter Miami CF,0.0,3,rare,35.68666666666667,1.2833333333333334e+16
517,M. Adams - Inter Miami CF,Inter Miami CF,0.0,3,rare,55.36333333333334,2.1366666666666668e+16
519,R. Taylor - Inter Miami CF,Inter Miami CF,39.2,3,rare,136.3,5.1e+16
521,C. Diop - Inter Miami CF,Inter Miami CF,0.0,1,rare,210.85666666666663,7.356666666666667e+16
523,R. Robinson - Inter Miami CF,Inter Miami CF,0.0,4,rare,321.7966666666667,1.4726666666666666e+17
525,D. Callender - Inter Miami CF,Inter Miami CF,41.6,1,rare,202.7,8.696666666666667e+16
527,D. Lowe - Inter Miami CF,Inter Miami CF,88.7,2,rare,111.90333333333332,4.556666666666666e+16
529,M. MÃ©ndez - Inter Miami CF,Inter Miami CF,0.0,2,rare,36.455,1.35e+16
531,D. Yedlin - Inter Miami CF,Inter Miami CF,29.9,2,rare,258.22,1.0133333333333331e+17
533,N. Allen - Inter Miami CF,Inter Miami CF,0.0,2,rare,179.89,6.61e+16
535,N. Marsman - Inter Miami CF,Inter Miami CF,0.0,1,rare,831.0,3.235333333333333e+17
537,C. dos Santos - Inter Miami CF,Inter Miami CF,0.0,1,rare,142.85666666666663,4.9333333333333336e+16
539,J. Quinteros - Inter Miami CF,Inter Miami CF,0.0,2,rare,63.69,2.2366666666666668e+16
541,Gregore - Inter Miami CF,Inter Miami CF,66.0,3,rare,145.29999999999998,7.546666666666667e+16
543,K. Gibbs - Inter Miami CF,Inter Miami CF,49.3,2,rare,34.36,1.2e+16
545,G. Acosta - Inter Miami CF,Inter Miami CF,0.0,3,rare,36.09333333333333,1.2433333333333334e+16
547,B. Duke - Inter Miami CF,Inter Miami CF,35.8,3,rare,112.66333333333334,4.82e+16
549,B. Shea - Inter Miami CF,Inter Miami CF,0.0,2,rare,12.676666666666668,6133333333333333.0
551,A. Lassiter - Inter Miami CF,Inter Miami CF,69.4,4,rare,223.08666666666667,9.286666666666669e+16
553,G. HiguaÃ­n - Inter Miami CF,Inter Miami CF,25.4,4,rare,231.86,1.0006666666666669e+17
555,F. Valencia - Inter Miami CF,Inter Miami CF,0.0,3,rare,144.6966666666667,5.176666666666666e+16
557,C. Mcvey - Inter Miami CF,Inter Miami CF,29.9,2,rare,72.10666666666667,3.3166666666666668e+16
559,A. Mabika - Inter Miami CF,Inter Miami CF,0.0,2,rare,239.26,9.09e+16
561,Jean Mota - Inter Miami CF,Inter Miami CF,77.3,3,rare,252.46,9.56e+16
563,E. RodrÃ­guez - Inter Miami CF,Inter Miami CF,0.0,4,rare,168.8166666666667,6.06e+16
565,I. Fray - Inter Miami CF,Inter Miami CF,0.0,2,rare,47.13999999999999,1.6266666666666666e+16
568,J. Bond - LA Galaxy,LA Galaxy,17.8,1,rare,1041.6033333333332,5.469333333333333e+17
570,E. Lopez - LA Galaxy,LA Galaxy,0.0,1,rare,63.74333333333333,2.23e+16
572,N. DePuy - LA Galaxy,LA Galaxy,0.0,2,rare,33.333333333333336,1.3166666666666666e+16
574,J. Klinsmann - LA Galaxy,LA Galaxy,0.0,1,rare,159.8033333333333,5.636666666666666e+16
576,D. Aguirre - LA Galaxy,LA Galaxy,0.0,3,rare,44.61666666666667,1.5566666666666666e+16
578,J. Perez - LA Galaxy,LA Galaxy,25.3,3,rare,69.51,2.453333333333333e+16
580,C. Harvey - LA Galaxy,LA Galaxy,0.0,3,rare,28.563333333333333,9933333333333334.0
582,E. Zavaleta - LA Galaxy,LA Galaxy,0.0,2,rare,47.623333333333335,1.7566666666666666e+16
584,Javier HernÃ¡ndez - LA Galaxy,LA Galaxy,44.5,4,rare,831.8966666666666,4.066666666666667e+17
586,C. Dunbar - LA Galaxy,LA Galaxy,0.0,4,rare,47.85,1.6733333333333334e+16
588,C. Gasper - LA Galaxy,LA Galaxy,45.5,2,rare,90.36,3.7e+16
590,R. Raveloson - LA Galaxy,LA Galaxy,32.8,3,rare,226.19333333333336,9.086666666666669e+16
592,Douglas Costa - LA Galaxy,LA Galaxy,75.0,3,rare,278.20666666666665,9.87e+16
594,E. Alvarez - LA Galaxy,LA Galaxy,33.2,3,rare,432.1233333333333,1.5133333333333334e+17
596,R. SÃ¡nchez - LA Galaxy,LA Galaxy,0.0,1,rare,59.02666666666667,2.08e+16
598,S. Coulibaly - LA Galaxy,LA Galaxy,84.1,2,rare,430.7966666666666,1.6383333333333334e+17
600,K. Leerdam - LA Galaxy,LA Galaxy,0.0,2,rare,30.31,1.2033333333333334e+16
602,J. Araujo - LA Galaxy,LA Galaxy,38.2,2,rare,378.9166666666667,1.364e+17
604,J. Neal - LA Galaxy,LA Galaxy,0.0,2,rare,67.27666666666666,2.583333333333333e+16
606,A. SaldaÃ±a - LA Galaxy,LA Galaxy,0.0,3,rare,36.586666666666666,1.4333333333333334e+16
608,R. Edwards - LA Galaxy,LA Galaxy,0.0,4,rare,511.95666666666665,2.093333333333333e+17
610,K. Cabral - LA Galaxy,LA Galaxy,39.9,4,rare,286.43333333333334,1.25e+17
612,J. VillafaÃ±a - LA Galaxy,LA Galaxy,0.0,2,rare,13.886666666666668,6500000000000000.0
614,M. Delgado - LA Galaxy,LA Galaxy,52.3,3,rare,362.0333333333333,1.914333333333333e+17
616,S. Grandsir - LA Galaxy,LA Galaxy,27.4,4,rare,289.205,1.11e+17
618,D. Williams - LA Galaxy,LA Galaxy,38.9,2,rare,268.3433333333333,1.0003333333333331e+17
620,VÃ­ctor VÃ¡zquez - LA Galaxy,LA Galaxy,0.0,3,rare,68.50666666666667,2.6e+16
622,S. KljeÅ¡tan - LA Galaxy,LA Galaxy,61.8,3,rare,12.386666666666663,5866666666666667.0
624,D. JoveljiÄ - LA Galaxy,LA Galaxy,31.4,4,rare,299.51666666666665,1.05e+17
626,J. McCarthy - Los Angeles FC,Los Angeles FC,53.4,1,rare,101.72333333333334,3.6433333333333336e+16
629,C. Vela - Los Angeles FC,Los Angeles FC,42.5,4,rare,1159.27,5.566e+17
631,A. Leone - Los Angeles FC,Los Angeles FC,0.0,2,rare,62.01,2.46e+16
633,C. Arango - Los Angeles FC,Los Angeles FC,47.8,4,rare,1096.46,4.296666666666667e+17
635,C. Torres - Los Angeles FC,Los Angeles FC,0.0,4,rare,88.55666666666667,3.123333333333333e+16
637,D. Palacios - Los Angeles FC,Los Angeles FC,55.4,2,rare,313.08,1.2126666666666669e+17
639,M. Traore - Los Angeles FC,Los Angeles FC,0.0,2,rare,45.18,1.54e+16
641,C. Jennings - Los Angeles FC,Los Angeles FC,24.0,4,rare,55.796666666666674,1.9266666666666668e+16
643,T. Romero - Los Angeles FC,Los Angeles FC,0.0,1,rare,150.835,5.865e+16
645,K. Acosta - Los Angeles FC,Los Angeles FC,37.4,3,rare,169.90666666666667,8.18e+16
647,F. Escobar - Los Angeles FC,Los Angeles FC,0.0,2,rare,78.51,3.07e+16
649,Ismael Tajouri - Los Angeles FC,Los Angeles FC,0.0,4,rare,127.26,4.4033333333333336e+16
651,D. Henry - Los Angeles FC,Los Angeles FC,0.0,2,rare,39.41333333333333,1.3866666666666666e+16
653,Ilie - Los Angeles FC,Los Angeles FC,33.2,3,rare,264.00666666666666,1.2366666666666669e+17
655,S. Ibeagha - Los Angeles FC,Los Angeles FC,7.0,2,rare,21.42,8466666666666667.0
657,F. Ginella - Los Angeles FC,Los Angeles FC,13.5,3,rare,83.60000000000001,2.8966666666666668e+16
659,J. Cifuentes - Los Angeles FC,Los Angeles FC,25.5,3,rare,272.7166666666667,1.2956666666666669e+17
661,J. Murillo - Los Angeles FC,Los Angeles FC,0.0,2,rare,285.61333333333334,1.1456666666666669e+17
663,R. Hollingshead - Los Angeles FC,Los Angeles FC,31.4,2,rare,101.50666666666666,4.88e+16
665,D. Musovski - Los Angeles FC,Los Angeles FC,23.5,4,rare,120.06666666666666,4.4033333333333336e+16
667,M. CrÃ©peau - Los Angeles FC,Los Angeles FC,0.0,1,rare,1687.4333333333334,6.31e+17
669,K. Opoku - Los Angeles FC,Los Angeles FC,43.5,4,rare,488.5466666666667,2.327333333333333e+17
671,E. Segura - Los Angeles FC,Los Angeles FC,0.0,2,rare,951.8333333333334,3.366666666666667e+17
673,M. Fall - Los Angeles FC,Los Angeles FC,31.2,2,rare,689.235,2.499e+17
675,B. RodrÃ­guez - Los Angeles FC,Los Angeles FC,0.0,3,rare,357.34000000000003,1.3385e+17
677,B. Dibassy - Minnesota United,Minnesota United,34.2,2,rare,148.39333333333337,7.733333333333333e+16
679,O. Fisher - Minnesota United,Minnesota United,40.9,2,rare,36.21333333333333,1.67e+16
681,D. Taylor - Minnesota United,Minnesota United,25.7,2,rare,31.52333333333333,1.1266666666666666e+16
683,R. Lod - Minnesota United,Minnesota United,65.2,3,rare,347.26,1.641e+17
685,E. Dick - Minnesota United,Minnesota United,0.0,1,rare,32.96666666666667,1.22e+16
687,Brent Kallman - Minnesota United,Minnesota United,41.8,2,rare,12.339999999999998,5100000000000000.0
689,H. Dotson - Minnesota United,Minnesota United,0.0,3,rare,70.54,2.92e+16
691,J. Rosales - Minnesota United,Minnesota United,0.0,3,rare,114.69666666666666,4.11e+16
693,D. Padelford - Minnesota United,Minnesota United,0.0,2,rare,31.916666666666668,1.1166666666666666e+16
696,N. Kibunguchy - Minnesota United,Minnesota United,0.0,2,rare,33.93333333333333,1.2033333333333334e+16
698,P. Weah - Minnesota United,Minnesota United,0.0,4,rare,91.34,3.35e+16
700,A. Danladi - Minnesota United,Minnesota United,35.5,4,rare,126.84666666666668,6.6333333333333336e+16
702,D. St. Clair - Minnesota United,Minnesota United,27.2,1,rare,1257.84,6.013333333333334e+17
704,T. Miller - Minnesota United,Minnesota United,0.0,1,rare,502.7,1.73e+17
706,F. Emmings - Minnesota United,Minnesota United,0.0,1,rare,230.43666666666664,7.916666666666667e+16
708,E. Reynoso - Minnesota United,Minnesota United,56.8,3,rare,627.9966666666667,3.1e+17
710,F. Fragapane - Minnesota United,Minnesota United,41.8,4,rare,408.5733333333333,1.4086666666666669e+17
712,M. Boxall - Minnesota United,Minnesota United,0.0,2,rare,175.01666666666665,9.243333333333331e+16
714,A. Hunou - Minnesota United,Minnesota United,26.1,4,rare,126.55,4.96e+16
716,R. MÃ©tanire - Minnesota United,Minnesota United,0.0,2,rare,56.973333333333336,2.583333333333333e+16
718,T. Oluwaseyi - Minnesota United,Minnesota United,0.0,4,rare,27.125,1.075e+16
720,J. Hayes - Minnesota United,Minnesota United,0.0,3,rare,16.563333333333333,6133333333333333.0
722,W. Trapp - Minnesota United,Minnesota United,25.1,3,rare,177.81000000000003,7.1433333333333336e+16
724,J. Torres - CF Montreal,CF Montreal,24.7,3,rare,140.50666666666666,4.9933333333333336e+16
726,V. Wanyama - CF Montreal,CF Montreal,53.0,3,rare,172.58666666666667,8.366666666666667e+16
728,K. Ferdinand - CF Montreal,CF Montreal,0.0,2,rare,84.26,2.9566666666666668e+16
730,A. Johnston - CF Montreal,CF Montreal,83.6,2,rare,283.4666666666667,9.166666666666669e+16
732,I. KonÃ© - CF Montreal,CF Montreal,26.0,3,rare,557.0866666666667,1.926333333333333e+17
734,M. Miljevic - CF Montreal,CF Montreal,24.3,3,rare,62.395,2.305e+16
736,Ahmed Hamdi - CF Montreal,CF Montreal,0.0,3,rare,61.85333333333333,2.423333333333333e+16
738,J. Kwizera - CF Montreal,CF Montreal,0.0,4,rare,38.27,1.3533333333333334e+16
740,R. Quioto - CF Montreal,CF Montreal,64.8,4,rare,456.93666666666667,1.9246666666666662e+17
742,T. Giraldo - CF Montreal,CF Montreal,0.0,3,rare,52.080000000000005,1.9066666666666668e+16
744,M. Choiniere - CF Montreal,CF Montreal,41.2,3,rare,154.03,5.676666666666666e+16
746,I. Sunusi - CF Montreal,CF Montreal,0.0,4,rare,234.53666666666663,8.333333333333333e+16
748,R.  Thorkelsson - CF Montreal,CF Montreal,0.0,2,rare,67.02,2.67e+16
750,Z. Bassong - CF Montreal,CF Montreal,25.4,2,rare,55.21666666666667,2.0966666666666668e+16
752,N. Saliba - CF Montreal,CF Montreal,0.0,3,rare,55.85,1.74e+16
754,K. Miller - CF Montreal,CF Montreal,60.8,2,rare,197.05333333333337,7.676666666666667e+16
756,J. Waterman - CF Montreal,CF Montreal,0.0,2,rare,86.60333333333334,4.57e+16
758,R. Zouhir - CF Montreal,CF Montreal,0.0,3,rare,87.11666666666667,3.25e+16
760,S. Piette - CF Montreal,CF Montreal,63.0,3,rare,96.94666666666666,3.766666666666666e+16
762,S. Breza - CF Montreal,CF Montreal,68.6,1,rare,1023.12,3.9855e+17
764,M. Toye - CF Montreal,CF Montreal,0.0,4,rare,329.2133333333333,1.2903333333333331e+17
766,D. Mihailovic - CF Montreal,CF Montreal,65.9,3,rare,1527.513333333333,6.874666666666666e+17
768,G. Corbo - CF Montreal,CF Montreal,57.1,2,rare,41.99333333333333,1.44e+16
770,Z. Brault-Guillard - CF Montreal,CF Montreal,0.0,2,rare,79.55666666666666,3.3866666666666668e+16
772,J. Pantemis - CF Montreal,CF Montreal,0.0,1,rare,289.07666666666665,1.0873333333333331e+17
774,R. Camacho - CF Montreal,CF Montreal,46.6,2,rare,200.63333333333333,9.013333333333331e+16
776,B. Johnsen - CF Montreal,CF Montreal,0.0,4,rare,32.15,1.2533333333333334e+16
778,L. Lappalainen - CF Montreal,CF Montreal,37.8,3,rare,200.47333333333333,8.19e+16
780,B. Anunga - Nashville SC,Nashville SC,0.0,3,rare,36.26,1.41e+16
782,W. Zimmerman - Nashville SC,Nashville SC,38.1,2,rare,893.6333333333333,4.093333333333333e+17
784,I. Donasiyano - Nashville SC,Nashville SC,0.0,3,rare,15.226666666666668,5433333333333333.0
786,A. Muyl - Nashville SC,Nashville SC,36.4,3,rare,104.61333333333332,5.356666666666666e+16
788,J. Willis - Nashville SC,Nashville SC,24.3,1,rare,1183.75,4.866666666666667e+17
790,R. Leal - Nashville SC,Nashville SC,0.0,3,rare,274.8233333333333,1.076e+17
792,E. Zubak - Nashville SC,Nashville SC,38.0,4,rare,40.93666666666667,1.8166666666666668e+16
794,J. Bauer - Nashville SC,Nashville SC,0.0,2,rare,23.74333333333333,8466666666666667.0
796,L. Haakenson - Nashville SC,Nashville SC,34.5,3,rare,50.055,1.805e+16
798,D. Lovitz - Nashville SC,Nashville SC,25.9,2,rare,70.39333333333333,3.3566666666666668e+16
800,D. McCarty - Nashville SC,Nashville SC,45.7,3,rare,48.376666666666665,2.103333333333333e+16
802,J. Maher - Nashville SC,Nashville SC,70.1,2,rare,225.5133333333333,1.009e+17
804,S. Davis - Nashville SC,Nashville SC,61.2,3,rare,191.54,9.08e+16
806,H. Bwana - Nashville SC,Nashville SC,28.7,3,rare,25.786666666666665,9000000000000000.0
808,A. Godoy - Nashville SC,Nashville SC,0.0,3,rare,94.66,5.0033333333333336e+16
810,T. Bunbury - Nashville SC,Nashville SC,0.0,4,rare,50.97,1.9e+16
812,A. Loba - Nashville SC,Nashville SC,27.5,4,rare,141.59666666666666,5.8033333333333336e+16
814,T. Washington - Nashville SC,Nashville SC,31.4,2,rare,19.21,7433333333333333.0
816,H. Mukhtar - Nashville SC,Nashville SC,36.2,3,rare,1180.2833333333333,4.926666666666667e+17
818,A. Longmire - Nashville SC,Nashville SC,0.0,2,rare,34.35666666666667,1.35e+16
820,D. Romney - Nashville SC,Nashville SC,37.9,2,rare,171.8766666666667,7.676666666666667e+16
822,E. Miller - Nashville SC,Nashville SC,26.5,2,rare,28.596666666666664,1.2866666666666666e+16
824,C. Sapong - Nashville SC,Nashville SC,32.9,4,rare,360.08666666666664,1.873e+17
826,W. Kaptoum - New England Revolution,New England Revolution,0.0,3,rare,30.19333333333333,1.14e+16
828,B. Knighton - New England Revolution,New England Revolution,0.0,1,rare,39.23,2.0066666666666668e+16
830,Maciel - New England Revolution,New England Revolution,24.9,3,rare,69.70666666666666,2.413333333333333e+16
832,F. Kessler - New England Revolution,New England Revolution,51.1,2,rare,222.16666666666663,1.0713333333333331e+17
834,N. Buck - New England Revolution,New England Revolution,0.0,3,rare,123.79666666666668,4.7133333333333336e+16
836,S. Lletget - New England Revolution,New England Revolution,66.3,3,rare,191.15666666666667,8.673333333333333e+16
838,A. Buksa - New England Revolution,New England Revolution,77.5,4,rare,833.0366666666667,4.213333333333333e+17
840,Carles Gil - New England Revolution,New England Revolution,89.9,3,rare,3638.803333333333,1.8e+18
842,G. Bou - New England Revolution,New England Revolution,0.0,4,rare,1018.9966666666666,3.73e+17
844,J. Altidore - New England Revolution,New England Revolution,0.0,4,rare,67.64999999999999,2.993333333333333e+16
846,M. Turner - New England Revolution,New England Revolution,42.6,1,rare,998.8333333333334,4.163333333333333e+17
848,E. Boateng - New England Revolution,New England Revolution,35.7,3,rare,55.61333333333334,2.413333333333333e+16
850,O. GonzÃ¡lez - New England Revolution,New England Revolution,0.0,2,rare,35.67333333333333,1.4366666666666666e+16
852,D. Rivera - New England Revolution,New England Revolution,0.0,3,rare,160.73333333333332,7.433333333333333e+16
854,B. Bye - New England Revolution,New England Revolution,48.4,2,rare,194.56333333333336,1.01e+17
856,E. Edwards - New England Revolution,New England Revolution,0.0,1,rare,115.61333333333334,4.1033333333333336e+16
858,J. Rennicks - New England Revolution,New England Revolution,25.0,4,rare,133.53,5.2833333333333336e+16
860,T. McNamara - New England Revolution,New England Revolution,30.9,3,rare,64.94666666666667,2.9166666666666668e+16
862,J. Bell - New England Revolution,New England Revolution,0.0,2,rare,28.03333333333333,1.05e+16
864,A. Farrell - New England Revolution,New England Revolution,60.6,2,rare,617.9566666666666,3.189e+17
866,A. DeLaGarza - New England Revolution,New England Revolution,0.0,2,rare,6.669999999999999,2633333333333333.0
868,J. Jackson - New England Revolution,New England Revolution,0.0,1,rare,128.88,4.51e+16
870,A. Traustason - New England Revolution,New England Revolution,31.7,3,rare,23.153333333333336,1.1666666666666666e+16
873,M. Polster - New England Revolution,New England Revolution,49.4,3,rare,198.78666666666663,8.566666666666667e+16
875,R. Spaulding - New England Revolution,New England Revolution,0.0,2,rare,37.165,1.47e+16
877,V. Castellanos - New York City FC,New York City FC,81.1,4,rare,2677.98,1.2183333333333332e+18
879,A. Callens - New York City FC,New York City FC,64.6,2,rare,262.1666666666667,1.212e+17
881,G. Zelalem - New York City FC,New York City FC,0.0,3,rare,36.20666666666667,1.3033333333333334e+16
883,J. Haak - New York City FC,New York City FC,0.0,3,rare,29.73333333333333,1.0833333333333334e+16
885,A. Jasson - New York City FC,New York City FC,27.4,3,rare,45.18,2.09e+16
887,V. Latinovich - New York City FC,New York City FC,0.0,2,rare,29.225,1.175e+16
889,Thiago Andrade - New York City FC,New York City FC,26.3,4,rare,2464.06,9.366e+17
891,M. Amundsen - New York City FC,New York City FC,0.0,2,rare,216.37,7.765e+16
893,C. Mizell - New York City FC,New York City FC,0.0,1,rare,51.72333333333333,1.83e+16
895,A. Morales - New York City FC,New York City FC,38.8,3,rare,129.28666666666666,5.026666666666666e+16
897,Thiago Martins - New York City FC,New York City FC,42.4,2,rare,511.4766666666667,2.5666666666666662e+17
899,L. Barraza - New York City FC,New York City FC,0.0,1,rare,119.25666666666666,4.926666666666666e+16
901,Heber - New York City FC,New York City FC,0.0,4,rare,100.99666666666668,4.24e+16
903,M. Chanot - New York City FC,New York City FC,0.0,2,rare,145.57,6.8e+16
905,T. Gray - New York City FC,New York City FC,0.0,2,rare,304.90333333333336,1.385e+17
907,M. Moralez - New York City FC,New York City FC,98.8,3,rare,667.5566666666667,2.64e+17
909,N. Acevedo - New York City FC,New York City FC,52.0,3,rare,138.68333333333334,5.476666666666666e+16
911,S. RodrÃ­guez - New York City FC,New York City FC,60.0,3,rare,2924.7566666666667,1.115e+18
913,K. Parks - New York City FC,New York City FC,47.8,3,rare,456.82,2.056333333333333e+17
915,S. Johnson - New York City FC,New York City FC,60.0,1,rare,1495.75,5.816666666666666e+17
917,C. Gloster - New York City FC,New York City FC,52.9,2,rare,86.30666666666667,3.0666666666666668e+16
919,A. Tinnerholm - New York City FC,New York City FC,0.0,2,rare,74.52,3.2466666666666668e+16
921,Talles Magno - New York City FC,New York City FC,78.2,4,rare,3605.245,1.38655e+18
923,O. Fernandez - New York Red Bulls,New York Red Bulls,31.9,3,rare,198.14666666666668,7.396666666666667e+16
925,Z. Ryan - New York Red Bulls,New York Red Bulls,25.1,4,rare,51.870000000000005,2e+16
927,J. Pendant - New York Red Bulls,New York Red Bulls,24.9,2,rare,25.52,1.0833333333333334e+16
929,T. Barlow - New York Red Bulls,New York Red Bulls,40.8,4,rare,88.69666666666667,3.5866666666666668e+16
931,R. Meara - New York Red Bulls,New York Red Bulls,0.0,1,rare,43.51333333333333,2.18e+16
933,S. Ngoma - New York Red Bulls,New York Red Bulls,0.0,4,rare,234.105,8.665e+16
935,L. MonzÃ³n - New York Red Bulls,New York Red Bulls,0.0,2,rare,82.64999999999999,2.983333333333333e+16
937,P. Klimala - New York Red Bulls,New York Red Bulls,40.8,4,rare,718.62,2.7155e+17
939,A. Marcucci - New York Red Bulls,New York Red Bulls,0.0,1,rare,120.74,4.9233333333333336e+16
941,Carlos Coronel - New York Red Bulls,New York Red Bulls,40.0,1,rare,1293.3566666666666,6.674e+17
943,J. Tolkin - New York Red Bulls,New York Red Bulls,37.7,2,rare,377.3733333333333,1.5726666666666666e+17
945,C. Harper - New York Red Bulls,New York Red Bulls,68.4,4,rare,59.35333333333333,2.0966666666666668e+16
947,C. CÃ¡sseres - New York Red Bulls,New York Red Bulls,0.0,3,rare,231.32666666666668,1.1846666666666669e+17
949,F. Amaya - New York Red Bulls,New York Red Bulls,47.9,3,rare,730.3433333333334,2.97e+17
951,L. Morgan - New York Red Bulls,New York Red Bulls,0.0,3,rare,316.17,1.4666666666666666e+17
953,D. Yearwood - New York Red Bulls,New York Red Bulls,50.1,3,rare,95.36333333333334,4.3833333333333336e+16
955,A. Reyes - New York Red Bulls,New York Red Bulls,0.0,2,rare,107.83333333333331,3.9833333333333336e+16
957,S. Nealis - New York Red Bulls,New York Red Bulls,96.4,2,rare,163.95333333333335,7.746666666666667e+16
959,D. Edelman - New York Red Bulls,New York Red Bulls,22.9,3,rare,115.33666666666666,3.976666666666666e+16
961,D. Nealis - New York Red Bulls,New York Red Bulls,8.0,2,rare,66.33,2.7766666666666668e+16
963,A. Long - New York Red Bulls,New York Red Bulls,0.0,2,rare,177.9433333333333,8.703333333333333e+16
965,B. Estrela - New York Red Bulls,New York Red Bulls,0.0,3,rare,159.32333333333335,6.34e+16
967,A. Perea - Orlando City SC,Orlando City SC,48.6,3,rare,61.63666666666668,3.043333333333333e+16
969,S. van der Water - Orlando City SC,Orlando City SC,0.0,4,rare,68.91666666666667,2.583333333333333e+16
971,J. Lynn - Orlando City SC,Orlando City SC,0.0,4,rare,48.54333333333333,1.7e+16
973,J. Dezart - Orlando City SC,Orlando City SC,0.0,3,rare,23.433333333333334,8333333333333333.0
975,E. Kara - Orlando City SC,Orlando City SC,36.1,4,rare,728.1666666666666,2.698e+17
977,Ruan - Orlando City SC,Orlando City SC,64.5,2,rare,80.60666666666667,4.216666666666666e+16
979,J. MÃ©ndez - Orlando City SC,Orlando City SC,28.0,3,rare,106.59,3.86e+16
981,A. Freeman - Orlando City SC,Orlando City SC,0.0,2,rare,45.24666666666667,1.7666666666666666e+16
983,K. Smith - Orlando City SC,Orlando City SC,69.1,2,rare,14.666666666666666,7700000000000000.0
985,J. Mulraney - Orlando City SC,Orlando City SC,24.0,3,rare,54.84333333333333,2.223333333333333e+16
987,C. AraÃºjo - Orlando City SC,Orlando City SC,66.4,3,rare,458.81666666666666,1.8566666666666662e+17
989,A. Grinwis - Orlando City SC,Orlando City SC,0.0,1,rare,32.01,1.2666666666666666e+16
991,BraganÃ§a - Orlando City SC,Orlando City SC,84.0,2,rare,547.6833333333333,2.375e+17
993,M. Halliday - Orlando City SC,Orlando City SC,0.0,2,rare,35.51333333333333,1.3133333333333334e+16
995,M. Stajduhar - Orlando City SC,Orlando City SC,0.0,1,rare,174.98666666666668,6.4633333333333336e+16
997,T. Williams - Orlando City SC,Orlando City SC,0.0,2,rare,70.655,2.77e+16
999,AntÃ´nio Carlos - Orlando City SC,Orlando City SC,0.0,2,rare,147.1,7.233333333333333e+16
1001,R. Jansson - Orlando City SC,Orlando City SC,53.0,2,rare,213.73666666666668,1.018e+17
1003,M. Pereyra - Orlando City SC,Orlando City SC,61.7,3,rare,468.51666666666665,1.8166666666666662e+17
1005,F. Torres - Orlando City SC,Orlando City SC,49.9,3,rare,835.27,3.046e+17
1007,P. Gallese - Orlando City SC,Orlando City SC,66.6,1,rare,1307.17,5.233333333333333e+17
1009,R. Schlegel - Orlando City SC,Orlando City SC,58.5,2,rare,140.90333333333334,5.26e+16
1011,W. Rivera - Orlando City SC,Orlando City SC,0.0,3,rare,86.935,3.27e+16
1013,JÃºnior Urso - Orlando City SC,Orlando City SC,37.6,3,rare,110.85,4.596666666666666e+16
1015,B. Michel - Orlando City SC,Orlando City SC,0.0,4,rare,131.56,5.9133333333333336e+16
1017,T. Akindele - Orlando City SC,Orlando City SC,0.0,4,rare,37.016666666666666,1.7066666666666666e+16
1019,Alexandre Pato - Orlando City SC,Orlando City SC,71.0,4,rare,376.26666666666665,1.6486666666666666e+17
1021,N. Harriel - Philadelphia Union,Philadelphia Union,39.2,2,rare,624.4566666666666,2.893333333333333e+17
1023,C. Turner - Philadelphia Union,Philadelphia Union,0.0,3,rare,24.07333333333333,8366666666666667.0
1025,K. Wagner - Philadelphia Union,Philadelphia Union,68.0,2,rare,445.24,2.033333333333333e+17
1027,J. Glesnes - Philadelphia Union,Philadelphia Union,48.9,2,rare,268.89666666666665,1.2766666666666669e+17
1029,A. Sorenson - Philadelphia Union,Philadelphia Union,0.0,2,rare,31.74,1.3166666666666666e+16
1031,B. Craig - Philadelphia Union,Philadelphia Union,0.0,3,rare,65.87,2.5766666666666668e+16
1033,J. McGlynn - Philadelphia Union,Philadelphia Union,30.1,3,rare,166.08,5.8133333333333336e+16
1035,JosÃ© MartÃ­nez - Philadelphia Union,Philadelphia Union,44.4,3,rare,205.20333333333332,7.91e+16
1037,P. Aaronson - Philadelphia Union,Philadelphia Union,0.0,3,rare,519.67,1.98e+17
1039,A. Bedoya - Philadelphia Union,Philadelphia Union,38.5,3,rare,115.46666666666664,5.5333333333333336e+16
1041,S. Findlay - Philadelphia Union,Philadelphia Union,0.0,2,rare,39.56333333333333,1.5733333333333334e+16
1043,L. Flach - Philadelphia Union,Philadelphia Union,37.5,3,rare,294.7366666666667,1.25e+17
1045,O. Mbaizo - Philadelphia Union,Philadelphia Union,22.2,2,rare,34.76333333333333,1.41e+16
1047,C. Burke - Philadelphia Union,Philadelphia Union,30.7,4,rare,99.26666666666668,3.4466666666666668e+16
1049,J. Bueno - Philadelphia Union,Philadelphia Union,0.0,3,rare,50.17666666666667,1.7566666666666666e+16
1051,M. Real - Philadelphia Union,Philadelphia Union,0.0,2,rare,24.33,8733333333333333.0
1053,F. Matthew - Philadelphia Union,Philadelphia Union,0.0,1,rare,232.15666666666667,9.61e+16
1055,J. Carranza - Philadelphia Union,Philadelphia Union,32.0,4,rare,779.93,3.733333333333333e+17
1057,D. Gazdag - Philadelphia Union,Philadelphia Union,60.0,3,rare,473.9,1.6473333333333334e+17
1059,J. Elliott - Philadelphia Union,Philadelphia Union,42.2,2,rare,215.03666666666663,1.1183333333333331e+17
1061,Sergio Santos - Philadelphia Union,Philadelphia Union,69.1,4,rare,174.38666666666668,7.43e+16
1063,A. Blake - Philadelphia Union,Philadelphia Union,52.6,1,rare,1334.8100000000002,6.584666666666666e+17
1065,Q. Sullivan - Philadelphia Union,Philadelphia Union,0.0,3,rare,209.64333333333332,8.49e+16
1067,J. Bendik - Philadelphia Union,Philadelphia Union,0.0,1,rare,19.48333333333333,9500000000000000.0
1069,M. Uhre - Philadelphia Union,Philadelphia Union,0.0,4,rare,603.5899999999999,2.2545e+17
1071,H. Sulte - Portland Timbers,Portland Timbers,0.0,1,rare,201.35666666666663,7.06e+16
1073,S. Blanco - Portland Timbers,Portland Timbers,100.0,3,rare,117.91333333333334,5.726666666666666e+16
1075,D. Å½upariÄ - Portland Timbers,Portland Timbers,36.9,2,rare,85.96,3.786666666666666e+16
1077,M. LorÃ­a - Portland Timbers,Portland Timbers,63.8,3,rare,64.94,2.85e+16
1079,E. Williamson - Portland Timbers,Portland Timbers,65.9,3,rare,166.32666666666668,5.8933333333333336e+16
1081,J.Rasmussen - Portland Timbers,Portland Timbers,63.4,2,rare,83.22666666666667,2.9266666666666668e+16
1083,J. Vom Steeg - Portland Timbers,Portland Timbers,0.0,1,rare,58.82,2.503333333333333e+16
1086,B. Tuiloma - Portland Timbers,Portland Timbers,60.0,3,rare,77.79333333333334,4.07e+16
1088,D. Bingham - Portland Timbers,Portland Timbers,0.0,1,rare,200.60333333333327,8.486666666666667e+16
1090,P. Bonilla - Portland Timbers,Portland Timbers,24.4,2,rare,60.84333333333333,2e+16
1092,J. Van Rankin - Portland Timbers,Portland Timbers,6.4,2,rare,119.38,4.2633333333333336e+16
1094,L. Mabiala - Portland Timbers,Portland Timbers,0.0,2,rare,144.26666666666665,7.166666666666666e+16
1096,D. CharÃ¡ - Portland Timbers,Portland Timbers,95.9,3,rare,104.79,5.5333333333333336e+16
1098,F. Mora - Portland Timbers,Portland Timbers,0.0,4,rare,287.56,1.1673333333333331e+17
1100,B. Bodily - Portland Timbers,Portland Timbers,0.0,3,rare,27.83,1.0766666666666666e+16
1102,T. Ikoba - Portland Timbers,Portland Timbers,25.7,4,rare,110.82,4.205e+16
1104,C. Bravo - Portland Timbers,Portland Timbers,0.0,2,rare,277.27666666666664,1.35e+17
1106,C. Paredes - Portland Timbers,Portland Timbers,84.1,3,rare,166.87,7.45e+16
1108,J. Niezgoda - Portland Timbers,Portland Timbers,0.0,4,rare,207.96666666666667,1.0783333333333331e+17
1110,D. Asprilla - Portland Timbers,Portland Timbers,0.0,4,rare,196.02666666666664,9.133333333333331e+16
1112,G. Fochive - Portland Timbers,Portland Timbers,0.0,3,rare,34.21333333333333,1.1833333333333334e+16
1114,Z. McGraw - Portland Timbers,Portland Timbers,25.0,2,rare,70.27,2.7066666666666668e+16
1116,A. IvaÄiÄ - Portland Timbers,Portland Timbers,41.3,1,rare,788.5266666666666,4.289666666666667e+17
1118,R. MÃ©ndez - Real Salt Lake,Real Salt Lake,25.1,4,rare,226.0533333333333,9.493333333333331e+16
1120,J. Wellings - Real Salt Lake,Real Salt Lake,0.0,3,rare,99.68333333333334,3.8633333333333336e+16
1122,J. LÃ¶ffelsend - Real Salt Lake,Real Salt Lake,48.2,3,rare,51.02333333333333,1.8066666666666668e+16
1124,B. Davis - Real Salt Lake,Real Salt Lake,0.0,3,rare,37.41666666666666,1.4933333333333334e+16
1126,A. Kei - Real Salt Lake,Real Salt Lake,0.0,4,rare,486.7133333333333,1.904333333333333e+17
1128,T. Schmitt - Real Salt Lake,Real Salt Lake,24.6,4,rare,79.04666666666667,3.203333333333333e+16
1130,J. Benitez - Real Salt Lake,Real Salt Lake,0.0,3,rare,47.98,1.71e+16
1132,D. Kreilach - Real Salt Lake,Real Salt Lake,0.0,3,rare,224.01666666666665,8.443333333333333e+16
1134,S. Caldwell - Real Salt Lake,Real Salt Lake,59.4,3,rare,46.575,1.73e+16
1136,M. Chang - Real Salt Lake,Real Salt Lake,66.7,3,rare,81.60666666666667,4.1133333333333336e+16
1138,J. Dewsnup - Real Salt Lake,Real Salt Lake,0.0,1,rare,229.13333333333333,8.02e+16
1140,Z. MacMath - Real Salt Lake,Real Salt Lake,20.5,1,rare,574.4766666666667,2.841e+17
1142,Z. Farnsworth - Real Salt Lake,Real Salt Lake,0.0,2,rare,27.68,1.075e+16
1144,M. Silva - Real Salt Lake,Real Salt Lake,46.2,2,rare,153.61333333333332,8.23e+16
1146,J. Glad - Real Salt Lake,Real Salt Lake,52.5,2,rare,313.26666666666665,1.2046666666666669e+17
1148,Everton Luiz - Real Salt Lake,Real Salt Lake,26.2,3,rare,38.12,1.9866666666666668e+16
1150,C. Garcia - Real Salt Lake,Real Salt Lake,0.0,4,rare,70.30333333333333,2.4366666666666668e+16
1152,J. Kappelhof - Real Salt Lake,Real Salt Lake,0.0,2,rare,18.98333333333333,6666666666666667.0
1154,P. RuÃ­z - Real Salt Lake,Real Salt Lake,0.0,3,rare,678.2933333333334,3.301e+17
1156,A. Herrera - Real Salt Lake,Real Salt Lake,56.2,2,rare,162.74666666666667,6.3433333333333336e+16
1158,Justin Meram - Real Salt Lake,Real Salt Lake,74.1,4,rare,315.99333333333334,1.61e+17
1160,E. Holt - Real Salt Lake,Real Salt Lake,0.0,2,rare,34.69,1.2566666666666666e+16
1162,A. Brody - Real Salt Lake,Real Salt Lake,82.7,2,rare,78.24000000000001,3.6e+16
1164,J. MenÃ©ndez - Real Salt Lake,Real Salt Lake,0.0,4,rare,70.43333333333334,2.523333333333333e+16
1166,B. Halsey - Real Salt Lake,Real Salt Lake,0.0,2,rare,19.89,8000000000000000.0
1168,G. Beavers - Real Salt Lake,Real Salt Lake,0.0,1,rare,161.09333333333333,5.76e+16
1170,D. Ochoa - Real Salt Lake,Real Salt Lake,0.0,1,rare,1668.9033333333334,8e+17
1172,N. Besler - Real Salt Lake,Real Salt Lake,0.0,3,rare,28.593333333333334,1.0433333333333334e+16
1174,S. CÃ³rdova - Real Salt Lake,Real Salt Lake,38.6,4,rare,238.75333333333333,1.0376666666666669e+17
1176,J. Orozco - Real Salt Lake,Real Salt Lake,0.0,2,rare,103.82333333333332,3.68e+16
1178,JoÃ£o Paulo - Seattle Sounders FC,Seattle Sounders FC,0.0,3,rare,209.60333333333327,9.916666666666669e+16
1180,J. Atencio - Seattle Sounders FC,Seattle Sounders FC,24.2,3,rare,104.30333333333334,3.876666666666666e+16
1182,N. Lodeiro - Seattle Sounders FC,Seattle Sounders FC,74.1,3,rare,963.3833333333332,5.116666666666667e+17
1184,J. Morris - Seattle Sounders FC,Seattle Sounders FC,41.5,4,rare,614.1666666666666,2.25e+17
1186,LÃ©o ChÃº - Seattle Sounders FC,Seattle Sounders FC,0.0,3,rare,128.25333333333333,4.586666666666666e+16
1188,A. Thomas - Seattle Sounders FC,Seattle Sounders FC,0.0,1,rare,87.35666666666667,3.17e+16
1190,Y. GÃ³mez - Seattle Sounders FC,Seattle Sounders FC,43.1,2,rare,710.8299999999999,2.9e+17
1192,X. Arreaga - Seattle Sounders FC,Seattle Sounders FC,42.4,2,rare,177.13333333333333,7.44e+16
1194,A. Roldan - Seattle Sounders FC,Seattle Sounders FC,41.5,3,rare,190.25666666666663,6.8533333333333336e+16
1196,K. Rowe - Seattle Sounders FC,Seattle Sounders FC,30.7,3,rare,68.73666666666666,2.7066666666666668e+16
1198,W. Bruin - Seattle Sounders FC,Seattle Sounders FC,0.0,4,rare,48.59,2.543333333333333e+16
1200,D. Leyva - Seattle Sounders FC,Seattle Sounders FC,0.0,3,rare,67.58333333333333,2.583333333333333e+16
1202,O. Vargas - Seattle Sounders FC,Seattle Sounders FC,39.9,3,rare,644.5,2.4085e+17
1204,C. Roldan - Seattle Sounders FC,Seattle Sounders FC,92.7,3,rare,698.77,2.966666666666667e+17
1206,A. RusnÃ¡k - Seattle Sounders FC,Seattle Sounders FC,46.6,3,rare,650.0666666666667,2.992e+17
1208,S. Cleveland - Seattle Sounders FC,Seattle Sounders FC,0.0,1,rare,253.74666666666667,1.287e+17
1210,S. Frei - Seattle Sounders FC,Seattle Sounders FC,45.0,1,rare,743.1633333333333,3.466333333333333e+17
1212,J. Medranda - Seattle Sounders FC,Seattle Sounders FC,0.0,2,rare,38.53333333333333,1.47e+16
1214,F. Montero - Seattle Sounders FC,Seattle Sounders FC,0.0,4,rare,70.83333333333333,3.233333333333333e+16
1216,R. RuidÃ­az - Seattle Sounders FC,Seattle Sounders FC,62.8,4,rare,857.5033333333334,3.57e+17
1218,N. Tolo - Seattle Sounders FC,Seattle Sounders FC,28.5,2,rare,128.97,5e+16
1220,A. Cissoko - Seattle Sounders FC,Seattle Sounders FC,0.0,2,rare,241.47,8.45e+16
1222,S. Adeniran - Seattle Sounders FC,Seattle Sounders FC,0.0,4,rare,83.1,2.91e+16
1224,R. Baker-Whiting - Seattle Sounders FC,Seattle Sounders FC,0.0,3,rare,427.1133333333333,1.4263333333333331e+17
1226,A. Chavez - Seattle Sounders FC,Seattle Sounders FC,0.0,4,rare,61.96333333333333,2.173333333333333e+16
1228,D. Teves - Seattle Sounders FC,Seattle Sounders FC,0.0,4,rare,62.17666666666667,2.17e+16
1230,M. LÃ³pez - San Jose Earthquakes,San Jose Earthquakes,39.7,2,rare,104.8,3.736666666666666e+16
1232,T. Thompson - San Jose Earthquakes,San Jose Earthquakes,0.0,2,rare,42.85333333333333,1.7633333333333334e+16
1234,J. Marcinkowski - San Jose Earthquakes,San Jose Earthquakes,31.3,1,rare,840.1933333333333,4.049e+17
1236,E. Ochoa - San Jose Earthquakes,San Jose Earthquakes,0.0,1,rare,340.6666666666667,1.344e+17
1238,C. Espinoza - San Jose Earthquakes,San Jose Earthquakes,81.3,3,rare,177.9333333333333,8.086666666666667e+16
1240,E. Remedi - San Jose Earthquakes,San Jose Earthquakes,41.8,3,rare,94.71666666666664,3.443333333333333e+16
1242,O. Ãgren - San Jose Earthquakes,San Jose Earthquakes,0.0,2,rare,29.305,1.075e+16
1244,Nathan - San Jose Earthquakes,San Jose Earthquakes,31.6,2,rare,1335.78,4.939e+17
1246,B. Kikanovic - San Jose Earthquakes,San Jose Earthquakes,25.1,4,rare,156.23333333333332,6.9333333333333336e+16
1248,Jamiro Monteiro - San Jose Earthquakes,San Jose Earthquakes,73.7,3,rare,485.2733333333333,1.8516666666666662e+17
1250,W. Richmond - San Jose Earthquakes,San Jose Earthquakes,0.0,4,rare,43.63,1.715e+16
1252,J. GreguÅ¡ - San Jose Earthquakes,San Jose Earthquakes,32.2,3,rare,473.89333333333326,1.9e+17
1254,S. Salinas - San Jose Earthquakes,San Jose Earthquakes,0.0,3,rare,10.01,3700000000000000.0
1256,J. LÃ³pez - San Jose Earthquakes,San Jose Earthquakes,0.0,3,rare,167.49333333333334,7.856666666666667e+16
1258,G. Asomani - San Jose Earthquakes,San Jose Earthquakes,0.0,3,rare,19.65333333333333,6800000000000000.0
1260,P. Marie - San Jose Earthquakes,San Jose Earthquakes,41.0,3,rare,57.46666666666667,3e+16
1262,T. Beason - San Jose Earthquakes,San Jose Earthquakes,0.0,2,rare,76.32333333333334,3.68e+16
1264,Judson - San Jose Earthquakes,San Jose Earthquakes,0.0,3,rare,35.49333333333333,1.4333333333333334e+16
1266,S. Haji - San Jose Earthquakes,San Jose Earthquakes,0.0,3,rare,23.94666666666667,9733333333333334.0
1268,C. Cowell - San Jose Earthquakes,San Jose Earthquakes,66.3,4,rare,447.8633333333334,1.776e+17
1270,J. Ebobisse - San Jose Earthquakes,San Jose Earthquakes,84.5,4,rare,621.0500000000001,2.926666666666667e+17
1272,M. Bersano - San Jose Earthquakes,San Jose Earthquakes,0.0,1,rare,50.69,2.3966666666666668e+16
1274,J. Yueill - San Jose Earthquakes,San Jose Earthquakes,42.6,3,rare,129.51333333333332,6.2333333333333336e+16
1276,O. Bouda - San Jose Earthquakes,San Jose Earthquakes,26.9,4,rare,141.32999999999998,5.22e+16
1278,F. Calvo - San Jose Earthquakes,San Jose Earthquakes,44.3,2,rare,199.31000000000003,8.373333333333333e+16
1280,G. Fuentes - San Jose Earthquakes,San Jose Earthquakes,0.0,4,rare,37.14666666666667,1.28e+16
1282,N. Tsakiris - San Jose Earthquakes,San Jose Earthquakes,0.0,3,rare,97.18,3.565e+16
1284,C. Walls - San Jose Earthquakes,San Jose Earthquakes,0.0,2,rare,38.81333333333333,1.3466666666666666e+16
1286,J. Skahan - San Jose Earthquakes,San Jose Earthquakes,23.0,3,rare,13.160000000000002,5700000000000000.0
1288,K. Ford - Sporting Kansas City ,Sporting Kansas City ,53.5,2,rare,147.18666666666667,6.666666666666666e+16
1290,D. Salloi - Sporting Kansas City ,Sporting Kansas City ,42.4,4,rare,767.5,2.6196666666666662e+17
1292,L. Ndenbe - Sporting Kansas City ,Sporting Kansas City ,19.0,2,rare,190.88,7.11e+16
1294,K. McIntosh - Sporting Kansas City ,Sporting Kansas City ,0.0,1,rare,47.45333333333334,1.69e+16
1296,N. Isimat-Mirin - Sporting Kansas City ,Sporting Kansas City ,0.0,2,rare,92.6,3.55e+16
1298,G. Kinda - Sporting Kansas City ,Sporting Kansas City ,0.0,3,rare,125.26,4.4233333333333336e+16
1300,R. Walter - Sporting Kansas City ,Sporting Kansas City ,36.5,3,rare,194.29,9.183333333333331e+16
1302,Cameron Duke - Sporting Kansas City ,Sporting Kansas City ,39.0,3,rare,92.2,3.5966666666666668e+16
1304,Oriol Rosell - Sporting Kansas City ,Sporting Kansas City ,44.8,3,rare,60.84333333333333,2.593333333333333e+16
1306,F. Hernandez - Sporting Kansas City ,Sporting Kansas City ,76.5,3,rare,61.03666666666667,2.51e+16
1308,M. Tzionis - Sporting Kansas City ,Sporting Kansas City ,66.9,3,rare,274.31,1.026e+17
1310,FontÃ s - Sporting Kansas City ,Sporting Kansas City ,0.0,2,rare,135.30666666666664,7.0533333333333336e+16
1312,G. Zusi - Sporting Kansas City ,Sporting Kansas City ,0.0,2,rare,130.81,4.9233333333333336e+16
1314,R. Espinoza - Sporting Kansas City ,Sporting Kansas City ,38.5,3,rare,57.330000000000005,2.4366666666666668e+16
1316,T. Melia - Sporting Kansas City ,Sporting Kansas City ,16.8,1,rare,542.0966666666667,2.7576666666666662e+17
1318,K. Rad - Sporting Kansas City ,Sporting Kansas City ,0.0,2,rare,28.25333333333333,1.0033333333333334e+16
1320,A. Pulido - Sporting Kansas City ,Sporting Kansas City ,0.0,4,rare,157.25333333333333,5.396666666666666e+16
1323,J. Pulskamp - Sporting Kansas City ,Sporting Kansas City ,0.0,1,rare,834.5466666666666,2.938333333333333e+17
1325,K. Shelton - Sporting Kansas City ,Sporting Kansas City ,37.2,4,rare,149.60666666666663,7.833333333333333e+16
1327,J. Russell - Sporting Kansas City ,Sporting Kansas City ,66.3,4,rare,914.42,4.05e+17
1329,O. Cisneros - Sporting Kansas City ,Sporting Kansas City ,0.0,3,rare,120.66666666666669,4.676666666666666e+16
1331,B. Sweat - Sporting Kansas City ,Sporting Kansas City ,0.0,2,rare,33.67333333333334,1.5933333333333334e+16
1333,R. Voloder - Sporting Kansas City ,Sporting Kansas City ,28.0,2,rare,205.53,8.62e+16
1335,A. Akinola - Toronto FC,Toronto FC,34.1,4,rare,500.56,1.967333333333333e+17
1337,D. Kerr - Toronto FC,Toronto FC,41.3,4,rare,205.05,7.34e+16
1339,JesÃºs JimÃ©nez - Toronto FC,Toronto FC,42.6,4,rare,1358.57,4.872333333333333e+17
1341,J. Shaffelburg - Toronto FC,Toronto FC,0.0,4,rare,236.35333333333327,1.0566666666666669e+17
1343,C. Mavinga - Toronto FC,Toronto FC,0.0,2,rare,68.27333333333333,2.5166666666666668e+16
1345,J. Osorio - Toronto FC,Toronto FC,0.0,3,rare,252.64,1.15e+17
1347,J. Marshall-Rutty - Toronto FC,Toronto FC,0.0,3,rare,932.4633333333336,3.25e+17
1349,J. Nelson - Toronto FC,Toronto FC,36.6,4,rare,290.7033333333333,1.4933333333333334e+17
1351,Q. Westberg - Toronto FC,Toronto FC,0.0,1,rare,69.26,3.0466666666666668e+16
1353,L. MacNaughton - Toronto FC,Toronto FC,41.4,2,rare,73.55,2.75e+16
1355,M. Bradley - Toronto FC,Toronto FC,39.9,3,rare,191.60333333333327,9.413333333333331e+16
1357,Pozuelo - Toronto FC,Toronto FC,0.0,3,rare,641.8000000000001,3.212666666666667e+17
1359,A. Bono - Toronto FC,Toronto FC,42.0,1,rare,653.7566666666667,3.49e+17
1361,I. Achara - Toronto FC,Toronto FC,0.0,4,rare,72.31666666666668,2.58e+16
1363,R. Priso-Mbongue - Toronto FC,Toronto FC,46.9,3,rare,140.39666666666668,4.646666666666666e+16
1365,J. Perruzza - Toronto FC,Toronto FC,37.5,4,rare,110.01333333333332,3.886666666666666e+16
1367,L. Petrasso - Toronto FC,Toronto FC,39.8,3,rare,125.67,4.83e+16
1369,N. Okello - Toronto FC,Toronto FC,0.0,3,rare,99.06,3.96e+16
1371,C. Salcedo - Toronto FC,Toronto FC,49.8,2,rare,435.3766666666666,1.51e+17
1373,G. Ranjitsingh - Toronto FC,Toronto FC,0.0,1,rare,28.016666666666666,9766666666666666.0
1375,S. O'Neill - Toronto FC,Toronto FC,0.0,2,rare,99.12333333333332,5.08e+16
1377,H. Afful - Charlotte FC,Charlotte FC,37.1,2,rare,17.79,6266666666666667.0
1379,C. Makoun - Charlotte FC,Charlotte FC,39.5,2,rare,102.93333333333334,3.7733333333333336e+16
1381,B. Bender - Charlotte FC,Charlotte FC,33.4,3,rare,679.77,2.6346666666666662e+17
1383,K. Kahlina - Charlotte FC,Charlotte FC,46.4,1,rare,1244.4399999999998,4.516e+17
1385,D. Jones - Charlotte FC,Charlotte FC,0.0,3,rare,37.54666666666667,1.28e+16
1387,A. Franco - Charlotte FC,Charlotte FC,41.4,3,rare,134.58,6.79e+16
1389,M. Gaines - Charlotte FC,Charlotte FC,0.0,4,rare,61.63,2.29e+16
1391,J. Mora - Charlotte FC,Charlotte FC,50.0,2,rare,49.93333333333334,2.38e+16
1393,C. Fuchs - Charlotte FC,Charlotte FC,0.0,2,rare,115.74666666666668,4.3733333333333336e+16
1395,Andre Shinyashiki - Charlotte FC,Charlotte FC,34.3,4,rare,227.70333333333332,1.1866666666666669e+17
1397,J. SobociÅski - Charlotte FC,Charlotte FC,0.0,2,rare,40.446666666666665,1.4266666666666666e+16
1399,B. Bronico - Charlotte FC,Charlotte FC,51.1,3,rare,120.58333333333331,5.3033333333333336e+16
1401,J. AlcÃ­var - Charlotte FC,Charlotte FC,35.9,3,rare,484.8133333333333,1.813e+17
1403,D. RÃ­os - Charlotte FC,Charlotte FC,28.1,4,rare,103.20666666666666,5.026666666666666e+16
1405,C. Hegardt - Charlotte FC,Charlotte FC,0.0,3,rare,27.366666666666664,9500000000000000.0
1407,P. Sisniega - Charlotte FC,Charlotte FC,0.0,1,rare,134.35333333333332,4.9433333333333336e+16
1409,Y. Reyna - Charlotte FC,Charlotte FC,25.1,4,rare,97.89,4.316666666666666e+16
1411,G. Marks - Charlotte FC,Charlotte FC,0.0,1,rare,123.64666666666666,4.26e+16
1413,A. Armour - Charlotte FC,Charlotte FC,0.0,2,rare,64.88666666666667,2.503333333333333e+16
1415,Vinicius Mello - Charlotte FC,Charlotte FC,0.0,4,rare,168.515,6.34e+16
1417,A. Walkes - Charlotte FC,Charlotte FC,0.0,2,rare,31.32333333333333,1.62e+16
1419,K. Åwiderski - Charlotte FC,Charlotte FC,47.2,4,rare,1051.3933333333334,3.724e+17
1421,Sergio Ruiz - Charlotte FC,Charlotte FC,49.0,3,rare,92.56,3.67e+16
1423,J. Lindsey - Charlotte FC,Charlotte FC,52.1,2,rare,155.40333333333334,5.9933333333333336e+16
1425,C. OrtÃ­z - Charlotte FC,Charlotte FC,0.0,4,rare,140.29999999999998,4.966666666666666e+16
1427,G. Corujo - Charlotte FC,Charlotte FC,52.8,2,rare,354.4166666666667,1.538e+17
