player,Club,Score,position,Rarity,Usd,ETH
S. Berhalter - Vancouver Whitecaps FC,Vancouver Whitecaps FC,54.1,3,rare,162.6333333,5.42E+16
J. Brown - Vancouver Whitecaps FC,Vancouver Whitecaps FC,43.4,2,rare,44.03,2.09E+16
C. Cropper - Vancouver Whitecaps FC,Vancouver Whitecaps FC,23.7,1,rare,331.1066667,1.68E+17
F. Jungwirth - Vancouver Whitecaps FC,Vancouver Whitecaps FC,36,2,rare,35.92,1.27E+16
M. Campagna - Vancouver Whitecaps FC,Vancouver Whitecaps FC,0,3,rare,86.075,3.53E+16
R. Teibert - Vancouver Whitecaps FC,Vancouver Whitecaps FC,32.5,3,rare,125.2733333,4.50E+16
C. DÃ¡jome - Vancouver Whitecaps FC,Vancouver Whitecaps FC,56.2,4,rare,340.3066667,1.65E+17
M. Godinho - Vancouver Whitecaps FC,Vancouver Whitecaps FC,0,2,rare,35.4,1.32E+16
B. White - Vancouver Whitecaps FC,Vancouver Whitecaps FC,40.3,4,rare,445.04,2.05E+17
R. VeselinoviÄ - Vancouver Whitecaps FC,Vancouver Whitecaps FC,0,2,rare,167.3066667,7.58E+16
L. Cavallini - Vancouver Whitecaps FC,Vancouver Whitecaps FC,73.7,4,rare,197.02,7.92E+16
L. Owusu - Vancouver Whitecaps FC,Vancouver Whitecaps FC,0,3,rare,47.91666667,1.76E+16
P. Vite - Vancouver Whitecaps FC,Vancouver Whitecaps FC,27.9,4,rare,173.58,7.11E+16
M. Baldisimo - Vancouver Whitecaps FC,Vancouver Whitecaps FC,25.9,3,rare,52.34333333,2.10E+16
Caio Alexandre - Vancouver Whitecaps FC,Vancouver Whitecaps FC,0,3,rare,99.29666667,3.45E+16
D. Caicedo - Vancouver Whitecaps FC,Vancouver Whitecaps FC,66.6,4,rare,387.72,1.81E+17
I. Boehmer - Vancouver Whitecaps FC,Vancouver Whitecaps FC,0,1,rare,138.8566667,5.08E+16
J. Nerwinski - Vancouver Whitecaps FC,Vancouver Whitecaps FC,35.5,2,rare,56.76666667,2.67E+16
T. Hasal - Vancouver Whitecaps FC,Vancouver Whitecaps FC,0,1,rare,1703.383333,6.47E+17
C. GutiÃ©rrez - Vancouver Whitecaps FC,Vancouver Whitecaps FC,22.2,2,rare,94.73333333,3.71E+16
E. Godoy - Vancouver Whitecaps FC,Vancouver Whitecaps FC,74.5,2,rare,50.68,2.64E+16
J. Cascante - Austin FC,Austin FC,64.2,2,rare,381.4966667,1.51E+17
F. Kleemann - Austin FC,Austin FC,0,2,rare,24.10333333,9.6E+15
J. Gallagher - Austin FC,Austin FC,24.7,4,rare,112.5766667,5.12E+16
M. DjittÃ© - Austin FC,Austin FC,0,4,rare,84.895,3.13E+16
A. Tarbell - Austin FC,Austin FC,48.1,1,rare,232.6133333,1.01E+17
Jared Stroud - Austin FC,Austin FC,0,3,rare,40.29666667,1.41E+16
R. Redes - Austin FC,Austin FC,0,4,rare,86.105,3.29E+16
H. JimÃ©nez - Austin FC,Austin FC,40.3,3,rare,28.22333333,1.29E+16
Å½. KolmaniÄ - Austin FC,Austin FC,36.8,2,rare,96.34666667,3.68E+16
K. Keller - Austin FC,Austin FC,0,2,rare,110.655,3.86E+16
C. DomÃ­nguez - Austin FC,Austin FC,0,3,rare,255.7933333,9.63E+16
D. FagÃºndez - Austin FC,Austin FC,63.7,3,rare,1115.503333,5.07E+17
Daniel Pereira - Austin FC,Austin FC,20,3,rare,255.9833333,1.28E+17
B. Stuver - Austin FC,Austin FC,0,1,rare,1009.043333,4.21E+17
S. Driussi - Austin FC,Austin FC,37.1,4,rare,2124.376667,8.74E+17
A. Ring - Austin FC,Austin FC,63.8,3,rare,228.47,1.20E+17
E. Finlay - Austin FC,Austin FC,37.8,3,rare,37.98333333,2.02E+16
J. RomaÃ±a - Austin FC,Austin FC,0,2,rare,81.07333333,3.09E+16
O. Wolff - Austin FC,Austin FC,33.2,3,rare,120.445,4.45E+16
Felipe Martins - Austin FC,Austin FC,29,3,rare,15.35666667,7.6E+15
M. Urruti - Austin FC,Austin FC,35.7,4,rare,368.5,1.80E+17
N. Lima - Austin FC,Austin FC,20,2,rare,85.43,3.62E+16
D. Hoesen - Austin FC,Austin FC,0,4,rare,69.02,2.54E+16
F. Ibarra - Atlanta United,Atlanta United,78.2,3,rare,122.8866667,4.40E+16
T. Wolff - Atlanta United,Atlanta United,0,4,rare,144.3433333,5.33E+16
J. MartÃ­nez - Atlanta United,Atlanta United,0,4,rare,739.7466667,2.93E+17
A. Franco - Atlanta United,Atlanta United,60,2,rare,340.0366667,1.52E+17
A. De John - Atlanta United,Atlanta United,50.7,2,rare,48.23,2.42E+16
A. Sejdic - Atlanta United,Atlanta United,0,3,rare,51.37333333,2.03E+16
D. Moreno - Atlanta United,Atlanta United,50.7,3,rare,637.46,2.79E+17
Luiz Araujo - Atlanta United,Atlanta United,74,4,rare,1077.333333,3.97E+17
M. Robinson - Atlanta United,Atlanta United,0,2,rare,168.71,7.52E+16
Matheus Rossetto - Atlanta United,Atlanta United,48.6,3,rare,126.61,5.69E+16
B. Lennon - Atlanta United,Atlanta United,45.1,2,rare,197.3333333,1.02E+17
D. Castanheira - Atlanta United,Atlanta United,0,1,rare,114.8333333,3.47E+16
O. Alonso - Atlanta United,Atlanta United,0,3,rare,17.85333333,6.7E+15
B. Guzan - Atlanta United,Atlanta United,0,1,rare,111.1833333,4.60E+16
E. Hyndman - Atlanta United,Atlanta United,33.3,3,rare,84.68333333,3.24E+16
Machop Chol - Atlanta United,Atlanta United,0,4,rare,55.90666667,2.03E+16
G. Campbell - Atlanta United,Atlanta United,0,2,rare,152.3866667,6.96E+16
R. HernÃ¡ndez - Atlanta United,Atlanta United,0,2,rare,44.12666667,2.16E+16
M. Ambrose - Atlanta United,Atlanta United,0,2,rare,11.63,4.13333E+15
A. Gutman - Atlanta United,Atlanta United,22.7,2,rare,109.7733333,5.75E+16
B. Shuttleworth - Atlanta United,Atlanta United,42.2,1,rare,329.0433333,1.71E+17
B. Washington - Atlanta United,Atlanta United,0,2,rare,30.71333333,1.20E+16
S. Sosa - Atlanta United,Atlanta United,0,3,rare,314.9,1.17E+17
C. Wiley - Atlanta United,Atlanta United,0,2,rare,699.91,2.44E+17
R. RÃ­os - Atlanta United,Atlanta United,0,1,rare,556.68,2.37E+17
J. Conway - Atlanta United,Atlanta United,0,4,rare,109.77,3.93E+16
T. Almada - Atlanta United,Atlanta United,93.5,3,rare,2145.393333,8.96E+17
F. Navarro - Chicago Fire FC,Chicago Fire FC,49.5,3,rare,434.6666667,1.51E+17
X. Shaqiri - Chicago Fire FC,Chicago Fire FC,94.4,3,rare,839.61,3.20E+17
F. Herbers - Chicago Fire FC,Chicago Fire FC,45.7,4,rare,182.4933333,7.35E+16
R. Czichos - Chicago Fire FC,Chicago Fire FC,30,2,rare,322.2033333,1.32E+17
J. Bornstein - Chicago Fire FC,Chicago Fire FC,37.2,2,rare,18.88666667,6.56667E+15
B. Gutierrez - Chicago Fire FC,Chicago Fire FC,26.3,3,rare,173.3066667,7.79E+16
A. Monis - Chicago Fire FC,Chicago Fire FC,0,4,rare,43.59333333,1.72E+16
G. GimÃ©nez - Chicago Fire FC,Chicago Fire FC,52.9,3,rare,168.5566667,7.72E+16
A. Reynolds - Chicago Fire FC,Chicago Fire FC,0,2,rare,31.10666667,1.36E+16
W. Omsberg - Chicago Fire FC,Chicago Fire FC,45.9,2,rare,161.0433333,6.02E+16
G. Slonina - Chicago Fire FC,Chicago Fire FC,14.9,1,rare,3673.286667,1.41E+18
M. Pineda - Chicago Fire FC,Chicago Fire FC,0,2,rare,229.4466667,8.78E+16
A. Rodriguez - Chicago Fire FC,Chicago Fire FC,0,3,rare,62.94333333,1.94E+16
S. Oregel - Chicago Fire FC,Chicago Fire FC,0,3,rare,98.955,3.74E+16
B. SekuliÄ - Chicago Fire FC,Chicago Fire FC,40.5,2,rare,101.85,4.71E+16
V. Bezerra - Chicago Fire FC,Chicago Fire FC,0,4,rare,45.945,1.80E+16
J. Casas - Chicago Fire FC,Chicago Fire FC,0,3,rare,79.89333333,2.83E+16
K. PrzybyÅko - Chicago Fire FC,Chicago Fire FC,0,4,rare,422.0466667,1.79E+17
J. DurÃ¡n - Chicago Fire FC,Chicago Fire FC,61.9,4,rare,443.3033333,1.56E+17
M. RodrÃ­guez - Chicago Fire FC,Chicago Fire FC,0,4,rare,46.86,1.73E+16
K. Burks - Chicago Fire FC,Chicago Fire FC,0,2,rare,39.58333333,1.41E+16
J. Espinoza - Chicago Fire FC,Chicago Fire FC,21.6,2,rare,42.52666667,1.65E+16
M. Navarro - Chicago Fire FC,Chicago Fire FC,0,2,rare,260.3333333,9.57E+16
S. Richey - Chicago Fire FC,Chicago Fire FC,0,1,rare,186.5633333,6.56E+16
C. TerÃ¡n - Chicago Fire FC,Chicago Fire FC,0,2,rare,62.38666667,2.17E+16
C. Brady - Chicago Fire FC,Chicago Fire FC,0,1,rare,404.34,1.41E+17
A. Cruz - FC Cincinnati,FC Cincinnati,0,3,rare,24.89,1.04E+16
K. Vermeer - FC Cincinnati,FC Cincinnati,0,1,rare,65.22333333,2.54E+16
Z. Bailey - FC Cincinnati,FC Cincinnati,0,2,rare,64.60666667,2.81E+16
Brenner - FC Cincinnati,FC Cincinnati,0,4,rare,528.5366667,2.32E+17
B. Sunderland - FC Cincinnati,FC Cincinnati,0,1,rare,166.2266667,6.67E+16
A. Kann - FC Cincinnati,FC Cincinnati,0,1,rare,479.57,2.07E+17
D. Badji - FC Cincinnati,FC Cincinnati,36.9,4,rare,209.5733333,8.73E+16
A. Ordonez - FC Cincinnati,FC Cincinnati,25,4,rare,93.37666667,3.88E+16
T. Blackett - FC Cincinnati,FC Cincinnati,22.8,2,rare,86.98,3.29E+16
I. Murphy - FC Cincinnati,FC Cincinnati,28.2,2,rare,134.5366667,4.63E+16
J. Nelson - FC Cincinnati,FC Cincinnati,43.5,2,rare,61.99,2.97E+16
H. Medunjanin - FC Cincinnati,FC Cincinnati,28.9,3,rare,21.71,9.76667E+15
R. Celentano - FC Cincinnati,FC Cincinnati,39.7,1,rare,1066.16,4.24E+17
R. Matarrita - FC Cincinnati,FC Cincinnati,0,2,rare,54.01333333,2.31E+16
B. VÃ¡zquez - FC Cincinnati,FC Cincinnati,34.8,4,rare,623.97,3.12E+17
G. Cameron - FC Cincinnati,FC Cincinnati,0,2,rare,46.51666667,1.84E+16
Ã. Barreal - FC Cincinnati,FC Cincinnati,43.7,3,rare,142.1866667,5.60E+16
R. Gaddis - FC Cincinnati,FC Cincinnati,0,2,rare,33.185,1.28E+16
H. Robledo - FC Cincinnati,FC Cincinnati,0,3,rare,31.96666667,1.10E+16
L. Acosta - FC Cincinnati,FC Cincinnati,72.6,3,rare,686.39,3.54E+17
C. Harris - FC Cincinnati,FC Cincinnati,0,4,rare,154.1833333,7.16E+16
A. Powell - FC Cincinnati,FC Cincinnati,49.3,2,rare,95.6,4.29E+16
Y. Kubo - FC Cincinnati,FC Cincinnati,0,4,rare,206.36,9.32E+16
I. Atanga - FC Cincinnati,FC Cincinnati,0,4,rare,61.29333333,2.24E+16
N. Markanich - FC Cincinnati,FC Cincinnati,0,4,rare,73.56,2.76E+16
J. Moreno - FC Cincinnati,FC Cincinnati,33.8,3,rare,186.63,9.60E+16
N. Hagglund - FC Cincinnati,FC Cincinnati,66.7,2,rare,137.4033333,6.40E+16
C. Warner - Colorado Rapids,Colorado Rapids,0,3,rare,19.71666667,8.4E+15
O. Larraz - Colorado Rapids,Colorado Rapids,0,3,rare,33.54,1.17E+16
A. Rodriguez - Colorado Rapids,Colorado Rapids,0,1,rare,114.66,4.48E+16
J. Lewis - Colorado Rapids,Colorado Rapids,70.2,3,rare,109.4566667,3.96E+16
M. Barrios - Colorado Rapids,Colorado Rapids,29.6,4,rare,181.5566667,9.25E+16
A. Markanich - Colorado Rapids,Colorado Rapids,0,2,rare,36.47333333,1.46E+16
A. Trusty - Colorado Rapids,Colorado Rapids,45.7,2,rare,386.0933333,1.98E+17
M. Edwards - Colorado Rapids,Colorado Rapids,0,2,rare,30.63,1.12E+16
S. Anderson - Colorado Rapids,Colorado Rapids,0,2,rare,30.50333333,1.22E+16
S. Beitashour - Colorado Rapids,Colorado Rapids,31.5,2,rare,23.47666667,8.9E+15
D. Rubio - Colorado Rapids,Colorado Rapids,82,4,rare,520.0366667,2.71E+17
B. GalvÃ¡n - Colorado Rapids,Colorado Rapids,0,3,rare,64.64666667,2.66E+16
L. Abubakar - Colorado Rapids,Colorado Rapids,59.4,2,rare,222.6833333,1.15E+17
W. Yarbrough - Colorado Rapids,Colorado Rapids,63.4,1,rare,1117.226667,4.56E+17
G. Vallecilla - Colorado Rapids,Colorado Rapids,0,2,rare,74.45666667,2.26E+16
G. Zardes - Colorado Rapids,Colorado Rapids,63.7,4,rare,419.7266667,1.78E+17
N. Mezquida - Colorado Rapids,Colorado Rapids,23.8,3,rare,16.39333333,6.96667E+15
D. Moor - Colorado Rapids,Colorado Rapids,0,2,rare,6.423333333,3.3E+15
P. Mayaka - Colorado Rapids,Colorado Rapids,0,3,rare,43.02,1.54E+16
K. Rosenberry - Colorado Rapids,Colorado Rapids,42.6,2,rare,160.9033333,6.93E+16
J. Price - Colorado Rapids,Colorado Rapids,35.3,3,rare,495.65,2.41E+17
Max - Colorado Rapids,Colorado Rapids,26.7,3,rare,158.6633333,6.30E+16
B. Acosta - Colorado Rapids,Colorado Rapids,60.4,3,rare,41.50333333,2.05E+16
D. Toure - Colorado Rapids,Colorado Rapids,0,4,rare,119.06,4.24E+16
M. Kaye - Colorado Rapids,Colorado Rapids,45.1,3,rare,275.7,9.77E+16
C. Irwin - Colorado Rapids,Colorado Rapids,0,1,rare,66.48666667,2.43E+16
A. Keita - Colorado Rapids,Colorado Rapids,0,2,rare,55.00333333,1.83E+16
D. Wilson - Colorado Rapids,Colorado Rapids,65.3,2,rare,154,8.07E+16
Lucas Esteves - Colorado Rapids,Colorado Rapids,42.6,2,rare,106.82,3.80E+16
L. DÃ­az - Columbus Crew,Columbus Crew,35.2,3,rare,34.37666667,1.51E+16
I. Parente - Columbus Crew,Columbus Crew,0,3,rare,33.85,1.17E+16
Pedro Santos - Columbus Crew,Columbus Crew,54.9,3,rare,279.66,1.32E+17
J. Williams - Columbus Crew,Columbus Crew,45.6,2,rare,59.03,2.31E+16
D. Nagbe - Columbus Crew,Columbus Crew,70.3,3,rare,280.4733333,1.44E+17
Y. Yeboah - Columbus Crew,Columbus Crew,25.9,3,rare,144.23,5.43E+16
E. Bush - Columbus Crew,Columbus Crew,0,1,rare,32.47333333,1.17E+16
S. Zawadzki - Columbus Crew,Columbus Crew,0,3,rare,39.17,1.47E+16
Artur - Columbus Crew,Columbus Crew,44.4,3,rare,149.1133333,6.79E+16
L. ZelarayÃ¡n - Columbus Crew,Columbus Crew,42.2,3,rare,1508.203333,6.42E+17
A. Morris - Columbus Crew,Columbus Crew,0,3,rare,109.39,4.71E+16
Miguel Berry - Columbus Crew,Columbus Crew,34.8,4,rare,332.1233333,1.62E+17
P. Kitchen - Columbus Crew,Columbus Crew,0,3,rare,25.30333333,8.93333E+15
A. MÄÈan - Columbus Crew,Columbus Crew,0,3,rare,42.75666667,2.02E+16
P. Schulte - Columbus Crew,Columbus Crew,0,1,rare,93.855,3.46E+16
E. Hurtado - Columbus Crew,Columbus Crew,26.6,4,rare,33.78,1.42E+16
J. Mensah - Columbus Crew,Columbus Crew,29.5,2,rare,147.72,6.80E+16
K. Molino - Columbus Crew,Columbus Crew,0,4,rare,103.1366667,3.64E+16
M. Degenek - Columbus Crew,Columbus Crew,0,2,rare,161.8033333,5.90E+16
W. Sands - Columbus Crew,Columbus Crew,0,2,rare,48.315,1.90E+16
E. Room - Columbus Crew,Columbus Crew,46.1,1,rare,760.33,3.60E+17
J. Morris - Columbus Crew,Columbus Crew,0,2,rare,21.4,7.56667E+15
D. Etienne - Columbus Crew,Columbus Crew,41.3,3,rare,199.9566667,7.42E+16
J. Anibaba - Columbus Crew,Columbus Crew,0,2,rare,4.176666667,1.76667E+15
J. Igbekeme - Columbus Crew,Columbus Crew,46.6,3,rare,96.04,3.40E+16
N. Burgess - FC Dallas,FC Dallas,38.4,2,rare,46.28333333,2.02E+16
F. QuignÃ³n - FC Dallas,FC Dallas,59.3,3,rare,90.25666667,3.13E+16
E. Munjoma - FC Dallas,FC Dallas,0,2,rare,27.21666667,9.9E+15
J. QuiÃ±Ã³nez - FC Dallas,FC Dallas,29.2,2,rare,64.23666667,2.32E+16
A. Velasco - FC Dallas,FC Dallas,0,4,rare,1397.826667,6.57E+17
P. Arriola - FC Dallas,FC Dallas,65.4,3,rare,336.9366667,1.60E+17
E. Twumasi - FC Dallas,FC Dallas,38.6,3,rare,105.5766667,3.81E+16
F. Jara - FC Dallas,FC Dallas,27.6,4,rare,96.67666667,3.46E+16
M. Hedges - FC Dallas,FC Dallas,38.4,2,rare,220,9.97E+16
JosÃ© MartÃ­nez - FC Dallas,FC Dallas,0,2,rare,125.0133333,5.37E+16
Nanu - FC Dallas,FC Dallas,28.3,2,rare,45.92666667,2.01E+16
J. Obrian - FC Dallas,FC Dallas,68.9,4,rare,207.26,8.07E+16
T. Ntsabeleng - FC Dallas,FC Dallas,45.5,4,rare,164.89,6.66E+16
P. Pomykal - FC Dallas,FC Dallas,66.3,3,rare,209.0266667,1.01E+17
L. Bartlett - FC Dallas,FC Dallas,0,2,rare,26.08,9.26667E+15
M. Paes - FC Dallas,FC Dallas,0,1,rare,1391.746667,6.00E+17
J. Ferreira - FC Dallas,FC Dallas,83.8,4,rare,1445.64,6.23E+17
J. Maurer - FC Dallas,FC Dallas,42.2,1,rare,147.87,5.25E+16
B. Servania - FC Dallas,FC Dallas,30.6,3,rare,534.2266667,2.10E+17
K. Elmedkhar - FC Dallas,FC Dallas,0,3,rare,30.90333333,1.18E+16
I. Parker - FC Dallas,FC Dallas,0,4,rare,151.24,5.54E+16
E. Cerrillo - FC Dallas,FC Dallas,24.4,3,rare,91.33333333,3.41E+16
M. Farfan - FC Dallas,FC Dallas,71.1,2,rare,162.83,7.43E+16
B. RedÅ¾ic - FC Dallas,FC Dallas,0,4,rare,54.57666667,2.16E+16
S. SchÃ¶n - FC Dallas,FC Dallas,0,4,rare,143.4133333,5.31E+16
K. Smith - DC United,DC United,0,4,rare,40.70333333,1.38E+16
T. Fountas - DC United,DC United,80.3,4,rare,885.92,3.82E+17
D. Pines - DC United,DC United,72.7,2,rare,102.2166667,5.00E+16
B. Hines-Ike - DC United,DC United,43.3,2,rare,121.6333333,5.59E+16
A. Perez - DC United,DC United,0,4,rare,43.84666667,1.73E+16
T. Ku-Dipietro - DC United,DC United,0,3,rare,50.43333333,1.83E+16
J. Alfaro - DC United,DC United,0,2,rare,32.35333333,1.28E+16
B. Hamid - DC United,DC United,57.1,1,rare,835.4866667,4.03E+17
J. Garay - DC United,DC United,0,3,rare,44.47333333,1.58E+16
Ã. Flores - DC United,DC United,37.2,3,rare,76.89,3.99E+16
R. Canouse - DC United,DC United,60,3,rare,125.9433333,4.87E+16
O. Kamara - DC United,DC United,62.6,4,rare,427.29,1.60E+17
A. Najar - DC United,DC United,0,2,rare,92.78,4.54E+16
G. Samake - DC United,DC United,0,2,rare,28.96333333,1.01E+16
H. Sargis - DC United,DC United,0,2,rare,25.28,8.73333E+15
J. Greene - DC United,DC United,0,2,rare,44.14,1.54E+16
C. Odoi-Atsem - DC United,DC United,0,2,rare,21.46333333,7.63333E+15
B. Smith - DC United,DC United,24.5,2,rare,52.77,2.76E+16
J. Gressel - DC United,DC United,29.2,2,rare,211.31,8.34E+16
S. Djeffal - DC United,DC United,39.6,3,rare,147.325,5.76E+16
N. Robertha - DC United,DC United,0,4,rare,114.41,4.61E+16
J. Kempin - DC United,DC United,0,1,rare,225.35,7.91E+16
C. Durkin - DC United,DC United,14.2,3,rare,110.19,4.29E+16
M. Estrada - DC United,DC United,64.8,4,rare,307.265,1.13E+17
D. Skundrich - DC United,DC United,25,3,rare,35.67333333,1.25E+16
M. Nyeman - DC United,DC United,0,3,rare,151.5833333,5.63E+16
S. Birnbaum - DC United,DC United,61.7,2,rare,196.52,7.58E+16
E. Bartlow - Houston Dynamo FC,Houston Dynamo FC,32.9,2,rare,39.04666667,1.37E+16
S. Ferreira - Houston Dynamo FC,Houston Dynamo FC,0,4,rare,510.06,2.19E+17
D. RÃ­os - Houston Dynamo FC,Houston Dynamo FC,0,3,rare,35.75666667,1.27E+16
Ã. Ãlfarsson - Houston Dynamo FC,Houston Dynamo FC,35.5,4,rare,173.39,6.83E+16
S. Clark - Houston Dynamo FC,Houston Dynamo FC,60,1,rare,718.76,3.28E+17
I. Hoffmann - Houston Dynamo FC,Houston Dynamo FC,0,3,rare,38.43,1.33E+16
G. Dorsey - Houston Dynamo FC,Houston Dynamo FC,23.4,3,rare,100.7966667,4.63E+16
C. Baird - Houston Dynamo FC,Houston Dynamo FC,0,3,rare,65.26,2.43E+16
F. Picault - Houston Dynamo FC,Houston Dynamo FC,60.3,3,rare,388.9766667,1.35E+17
Z. Valentin - Houston Dynamo FC,Houston Dynamo FC,0,2,rare,13.04,5.13333E+15
D. Steres - Houston Dynamo FC,Houston Dynamo FC,0,2,rare,74.2,2.59E+16
J. RodrÃ­guez - Houston Dynamo FC,Houston Dynamo FC,53.2,3,rare,40.04666667,1.83E+16
C. Quintero - Houston Dynamo FC,Houston Dynamo FC,69.7,4,rare,521.7833333,2.00E+17
A. Lundqvist - Houston Dynamo FC,Houston Dynamo FC,17.4,2,rare,164.96,8.57E+16
G. Vera - Houston Dynamo FC,Houston Dynamo FC,0,3,rare,144.2266667,6.13E+16
T. Pasher - Houston Dynamo FC,Houston Dynamo FC,28.5,4,rare,157.11,6.67E+16
D. CerÃ©n - Houston Dynamo FC,Houston Dynamo FC,41.8,3,rare,13.94,6.23333E+15
S. Junqua - Houston Dynamo FC,Houston Dynamo FC,38,2,rare,44.17666667,1.60E+16
T. Parker - Houston Dynamo FC,Houston Dynamo FC,42.5,2,rare,120.7233333,5.36E+16
M. Nelson - Houston Dynamo FC,Houston Dynamo FC,0,1,rare,137.68,5.30E+16
J. Castilla - Houston Dynamo FC,Houston Dynamo FC,0,3,rare,58.70666667,2.11E+16
M. Palomino - Houston Dynamo FC,Houston Dynamo FC,0,3,rare,38.405,1.39E+16
L. Campana - Inter Miami CF,Inter Miami CF,72,4,rare,936.6166667,3.35E+17
E. Azcona - Inter Miami CF,Inter Miami CF,0,3,rare,92.55666667,3.22E+16
B. Matuidi - Inter Miami CF,Inter Miami CF,0,3,rare,38.42666667,1.17E+16
V. Ulloa - Inter Miami CF,Inter Miami CF,0,3,rare,35.68666667,1.28E+16
M. Adams - Inter Miami CF,Inter Miami CF,0,3,rare,55.36333333,2.14E+16
R. Taylor - Inter Miami CF,Inter Miami CF,39.2,3,rare,136.3,5.10E+16
C. Diop - Inter Miami CF,Inter Miami CF,0,1,rare,210.8566667,7.36E+16
R. Robinson - Inter Miami CF,Inter Miami CF,0,4,rare,321.7966667,1.47E+17
D. Callender - Inter Miami CF,Inter Miami CF,41.6,1,rare,202.7,8.70E+16
D. Lowe - Inter Miami CF,Inter Miami CF,88.7,2,rare,111.9033333,4.56E+16
M. MÃ©ndez - Inter Miami CF,Inter Miami CF,0,2,rare,36.455,1.35E+16
D. Yedlin - Inter Miami CF,Inter Miami CF,29.9,2,rare,258.22,1.01E+17
N. Allen - Inter Miami CF,Inter Miami CF,0,2,rare,179.89,6.61E+16
N. Marsman - Inter Miami CF,Inter Miami CF,0,1,rare,831,3.24E+17
C. dos Santos - Inter Miami CF,Inter Miami CF,0,1,rare,142.8566667,4.93E+16
J. Quinteros - Inter Miami CF,Inter Miami CF,0,2,rare,63.69,2.24E+16
Gregore - Inter Miami CF,Inter Miami CF,66,3,rare,145.3,7.55E+16
K. Gibbs - Inter Miami CF,Inter Miami CF,49.3,2,rare,34.36,1.20E+16
G. Acosta - Inter Miami CF,Inter Miami CF,0,3,rare,36.09333333,1.24E+16
B. Duke - Inter Miami CF,Inter Miami CF,35.8,3,rare,112.6633333,4.82E+16
B. Shea - Inter Miami CF,Inter Miami CF,0,2,rare,12.67666667,6.13333E+15
A. Lassiter - Inter Miami CF,Inter Miami CF,69.4,4,rare,223.0866667,9.29E+16
G. HiguaÃ­n - Inter Miami CF,Inter Miami CF,25.4,4,rare,231.86,1.00E+17
F. Valencia - Inter Miami CF,Inter Miami CF,0,3,rare,144.6966667,5.18E+16
C. Mcvey - Inter Miami CF,Inter Miami CF,29.9,2,rare,72.10666667,3.32E+16
A. Mabika - Inter Miami CF,Inter Miami CF,0,2,rare,239.26,9.09E+16
Jean Mota - Inter Miami CF,Inter Miami CF,77.3,3,rare,252.46,9.56E+16
E. RodrÃ­guez - Inter Miami CF,Inter Miami CF,0,4,rare,168.8166667,6.06E+16
I. Fray - Inter Miami CF,Inter Miami CF,0,2,rare,47.14,1.63E+16
J. Bond - LA Galaxy,LA Galaxy,17.8,1,rare,1041.603333,5.47E+17
E. Lopez - LA Galaxy,LA Galaxy,0,1,rare,63.74333333,2.23E+16
N. DePuy - LA Galaxy,LA Galaxy,0,2,rare,33.33333333,1.32E+16
J. Klinsmann - LA Galaxy,LA Galaxy,0,1,rare,159.8033333,5.64E+16
D. Aguirre - LA Galaxy,LA Galaxy,0,3,rare,44.61666667,1.56E+16
J. Perez - LA Galaxy,LA Galaxy,25.3,3,rare,69.51,2.45E+16
C. Harvey - LA Galaxy,LA Galaxy,0,3,rare,28.56333333,9.93333E+15
E. Zavaleta - LA Galaxy,LA Galaxy,0,2,rare,47.62333333,1.76E+16
Javier HernÃ¡ndez - LA Galaxy,LA Galaxy,44.5,4,rare,831.8966667,4.07E+17
C. Dunbar - LA Galaxy,LA Galaxy,0,4,rare,47.85,1.67E+16
C. Gasper - LA Galaxy,LA Galaxy,45.5,2,rare,90.36,3.70E+16
R. Raveloson - LA Galaxy,LA Galaxy,32.8,3,rare,226.1933333,9.09E+16
Douglas Costa - LA Galaxy,LA Galaxy,75,3,rare,278.2066667,9.87E+16
E. Alvarez - LA Galaxy,LA Galaxy,33.2,3,rare,432.1233333,1.51E+17
R. SÃ¡nchez - LA Galaxy,LA Galaxy,0,1,rare,59.02666667,2.08E+16
S. Coulibaly - LA Galaxy,LA Galaxy,84.1,2,rare,430.7966667,1.64E+17
K. Leerdam - LA Galaxy,LA Galaxy,0,2,rare,30.31,1.20E+16
J. Araujo - LA Galaxy,LA Galaxy,38.2,2,rare,378.9166667,1.36E+17
J. Neal - LA Galaxy,LA Galaxy,0,2,rare,67.27666667,2.58E+16
A. SaldaÃ±a - LA Galaxy,LA Galaxy,0,3,rare,36.58666667,1.43E+16
R. Edwards - LA Galaxy,LA Galaxy,0,4,rare,511.9566667,2.09E+17
K. Cabral - LA Galaxy,LA Galaxy,39.9,4,rare,286.4333333,1.25E+17
J. VillafaÃ±a - LA Galaxy,LA Galaxy,0,2,rare,13.88666667,6.5E+15
M. Delgado - LA Galaxy,LA Galaxy,52.3,3,rare,362.0333333,1.91E+17
S. Grandsir - LA Galaxy,LA Galaxy,27.4,4,rare,289.205,1.11E+17
D. Williams - LA Galaxy,LA Galaxy,38.9,2,rare,268.3433333,1.00E+17
VÃ­ctor VÃ¡zquez - LA Galaxy,LA Galaxy,0,3,rare,68.50666667,2.60E+16
S. KljeÅ¡tan - LA Galaxy,LA Galaxy,61.8,3,rare,12.38666667,5.86667E+15
D. JoveljiÄ - LA Galaxy,LA Galaxy,31.4,4,rare,299.5166667,1.05E+17
J. McCarthy - Los Angeles FC,Los Angeles FC,53.4,1,rare,101.7233333,3.64E+16
C. Vela - Los Angeles FC,Los Angeles FC,42.5,4,rare,1159.27,5.57E+17
A. Leone - Los Angeles FC,Los Angeles FC,0,2,rare,62.01,2.46E+16
C. Arango - Los Angeles FC,Los Angeles FC,47.8,4,rare,1096.46,4.30E+17
C. Torres - Los Angeles FC,Los Angeles FC,0,4,rare,88.55666667,3.12E+16
D. Palacios - Los Angeles FC,Los Angeles FC,55.4,2,rare,313.08,1.21E+17
M. Traore - Los Angeles FC,Los Angeles FC,0,2,rare,45.18,1.54E+16
C. Jennings - Los Angeles FC,Los Angeles FC,24,4,rare,55.79666667,1.93E+16
T. Romero - Los Angeles FC,Los Angeles FC,0,1,rare,150.835,5.87E+16
K. Acosta - Los Angeles FC,Los Angeles FC,37.4,3,rare,169.9066667,8.18E+16
F. Escobar - Los Angeles FC,Los Angeles FC,0,2,rare,78.51,3.07E+16
Ismael Tajouri - Los Angeles FC,Los Angeles FC,0,4,rare,127.26,4.40E+16
D. Henry - Los Angeles FC,Los Angeles FC,0,2,rare,39.41333333,1.39E+16
Ilie - Los Angeles FC,Los Angeles FC,33.2,3,rare,264.0066667,1.24E+17
S. Ibeagha - Los Angeles FC,Los Angeles FC,7,2,rare,21.42,8.46667E+15
F. Ginella - Los Angeles FC,Los Angeles FC,13.5,3,rare,83.6,2.90E+16
J. Cifuentes - Los Angeles FC,Los Angeles FC,25.5,3,rare,272.7166667,1.30E+17
J. Murillo - Los Angeles FC,Los Angeles FC,0,2,rare,285.6133333,1.15E+17
R. Hollingshead - Los Angeles FC,Los Angeles FC,31.4,2,rare,101.5066667,4.88E+16
D. Musovski - Los Angeles FC,Los Angeles FC,23.5,4,rare,120.0666667,4.40E+16
M. CrÃ©peau - Los Angeles FC,Los Angeles FC,0,1,rare,1687.433333,6.31E+17
K. Opoku - Los Angeles FC,Los Angeles FC,43.5,4,rare,488.5466667,2.33E+17
E. Segura - Los Angeles FC,Los Angeles FC,0,2,rare,951.8333333,3.37E+17
M. Fall - Los Angeles FC,Los Angeles FC,31.2,2,rare,689.235,2.50E+17
B. RodrÃ­guez - Los Angeles FC,Los Angeles FC,0,3,rare,357.34,1.34E+17
B. Dibassy - Minnesota United,Minnesota United,34.2,2,rare,148.3933333,7.73E+16
O. Fisher - Minnesota United,Minnesota United,40.9,2,rare,36.21333333,1.67E+16
D. Taylor - Minnesota United,Minnesota United,25.7,2,rare,31.52333333,1.13E+16
R. Lod - Minnesota United,Minnesota United,65.2,3,rare,347.26,1.64E+17
E. Dick - Minnesota United,Minnesota United,0,1,rare,32.96666667,1.22E+16
Brent Kallman - Minnesota United,Minnesota United,41.8,2,rare,12.34,5.1E+15
H. Dotson - Minnesota United,Minnesota United,0,3,rare,70.54,2.92E+16
J. Rosales - Minnesota United,Minnesota United,0,3,rare,114.6966667,4.11E+16
D. Padelford - Minnesota United,Minnesota United,0,2,rare,31.91666667,1.12E+16
N. Kibunguchy - Minnesota United,Minnesota United,0,2,rare,33.93333333,1.20E+16
P. Weah - Minnesota United,Minnesota United,0,4,rare,91.34,3.35E+16
A. Danladi - Minnesota United,Minnesota United,35.5,4,rare,126.8466667,6.63E+16
D. St. Clair - Minnesota United,Minnesota United,27.2,1,rare,1257.84,6.01E+17
T. Miller - Minnesota United,Minnesota United,0,1,rare,502.7,1.73E+17
F. Emmings - Minnesota United,Minnesota United,0,1,rare,230.4366667,7.92E+16
E. Reynoso - Minnesota United,Minnesota United,56.8,3,rare,627.9966667,3.10E+17
F. Fragapane - Minnesota United,Minnesota United,41.8,4,rare,408.5733333,1.41E+17
M. Boxall - Minnesota United,Minnesota United,0,2,rare,175.0166667,9.24E+16
A. Hunou - Minnesota United,Minnesota United,26.1,4,rare,126.55,4.96E+16
R. MÃ©tanire - Minnesota United,Minnesota United,0,2,rare,56.97333333,2.58E+16
T. Oluwaseyi - Minnesota United,Minnesota United,0,4,rare,27.125,1.08E+16
J. Hayes - Minnesota United,Minnesota United,0,3,rare,16.56333333,6.13333E+15
W. Trapp - Minnesota United,Minnesota United,25.1,3,rare,177.81,7.14E+16
J. Torres - CF Montreal,CF Montreal,24.7,3,rare,140.5066667,4.99E+16
V. Wanyama - CF Montreal,CF Montreal,53,3,rare,172.5866667,8.37E+16
K. Ferdinand - CF Montreal,CF Montreal,0,2,rare,84.26,2.96E+16
A. Johnston - CF Montreal,CF Montreal,83.6,2,rare,283.4666667,9.17E+16
I. KonÃ© - CF Montreal,CF Montreal,26,3,rare,557.0866667,1.93E+17
M. Miljevic - CF Montreal,CF Montreal,24.3,3,rare,62.395,2.31E+16
Ahmed Hamdi - CF Montreal,CF Montreal,0,3,rare,61.85333333,2.42E+16
J. Kwizera - CF Montreal,CF Montreal,0,4,rare,38.27,1.35E+16
R. Quioto - CF Montreal,CF Montreal,64.8,4,rare,456.9366667,1.92E+17
T. Giraldo - CF Montreal,CF Montreal,0,3,rare,52.08,1.91E+16
M. Choiniere - CF Montreal,CF Montreal,41.2,3,rare,154.03,5.68E+16
I. Sunusi - CF Montreal,CF Montreal,0,4,rare,234.5366667,8.33E+16
R.  Thorkelsson - CF Montreal,CF Montreal,0,2,rare,67.02,2.67E+16
Z. Bassong - CF Montreal,CF Montreal,25.4,2,rare,55.21666667,2.10E+16
N. Saliba - CF Montreal,CF Montreal,0,3,rare,55.85,1.74E+16
K. Miller - CF Montreal,CF Montreal,60.8,2,rare,197.0533333,7.68E+16
J. Waterman - CF Montreal,CF Montreal,0,2,rare,86.60333333,4.57E+16
R. Zouhir - CF Montreal,CF Montreal,0,3,rare,87.11666667,3.25E+16
S. Piette - CF Montreal,CF Montreal,63,3,rare,96.94666667,3.77E+16
S. Breza - CF Montreal,CF Montreal,68.6,1,rare,1023.12,3.99E+17
M. Toye - CF Montreal,CF Montreal,0,4,rare,329.2133333,1.29E+17
D. Mihailovic - CF Montreal,CF Montreal,65.9,3,rare,1527.513333,6.87E+17
G. Corbo - CF Montreal,CF Montreal,57.1,2,rare,41.99333333,1.44E+16
Z. Brault-Guillard - CF Montreal,CF Montreal,0,2,rare,79.55666667,3.39E+16
J. Pantemis - CF Montreal,CF Montreal,0,1,rare,289.0766667,1.09E+17
R. Camacho - CF Montreal,CF Montreal,46.6,2,rare,200.6333333,9.01E+16
B. Johnsen - CF Montreal,CF Montreal,0,4,rare,32.15,1.25E+16
L. Lappalainen - CF Montreal,CF Montreal,37.8,3,rare,200.4733333,8.19E+16
B. Anunga - Nashville SC,Nashville SC,0,3,rare,36.26,1.41E+16
W. Zimmerman - Nashville SC,Nashville SC,38.1,2,rare,893.6333333,4.09E+17
I. Donasiyano - Nashville SC,Nashville SC,0,3,rare,15.22666667,5.43333E+15
A. Muyl - Nashville SC,Nashville SC,36.4,3,rare,104.6133333,5.36E+16
J. Willis - Nashville SC,Nashville SC,24.3,1,rare,1183.75,4.87E+17
R. Leal - Nashville SC,Nashville SC,0,3,rare,274.8233333,1.08E+17
E. Zubak - Nashville SC,Nashville SC,38,4,rare,40.93666667,1.82E+16
J. Bauer - Nashville SC,Nashville SC,0,2,rare,23.74333333,8.46667E+15
L. Haakenson - Nashville SC,Nashville SC,34.5,3,rare,50.055,1.81E+16
D. Lovitz - Nashville SC,Nashville SC,25.9,2,rare,70.39333333,3.36E+16
D. McCarty - Nashville SC,Nashville SC,45.7,3,rare,48.37666667,2.10E+16
J. Maher - Nashville SC,Nashville SC,70.1,2,rare,225.5133333,1.01E+17
S. Davis - Nashville SC,Nashville SC,61.2,3,rare,191.54,9.08E+16
H. Bwana - Nashville SC,Nashville SC,28.7,3,rare,25.78666667,9E+15
A. Godoy - Nashville SC,Nashville SC,0,3,rare,94.66,5.00E+16
T. Bunbury - Nashville SC,Nashville SC,0,4,rare,50.97,1.90E+16
A. Loba - Nashville SC,Nashville SC,27.5,4,rare,141.5966667,5.80E+16
T. Washington - Nashville SC,Nashville SC,31.4,2,rare,19.21,7.43333E+15
H. Mukhtar - Nashville SC,Nashville SC,36.2,3,rare,1180.283333,4.93E+17
A. Longmire - Nashville SC,Nashville SC,0,2,rare,34.35666667,1.35E+16
D. Romney - Nashville SC,Nashville SC,37.9,2,rare,171.8766667,7.68E+16
E. Miller - Nashville SC,Nashville SC,26.5,2,rare,28.59666667,1.29E+16
C. Sapong - Nashville SC,Nashville SC,32.9,4,rare,360.0866667,1.87E+17
W. Kaptoum - New England Revolution,New England Revolution,0,3,rare,30.19333333,1.14E+16
B. Knighton - New England Revolution,New England Revolution,0,1,rare,39.23,2.01E+16
Maciel - New England Revolution,New England Revolution,24.9,3,rare,69.70666667,2.41E+16
F. Kessler - New England Revolution,New England Revolution,51.1,2,rare,222.1666667,1.07E+17
N. Buck - New England Revolution,New England Revolution,0,3,rare,123.7966667,4.71E+16
S. Lletget - New England Revolution,New England Revolution,66.3,3,rare,191.1566667,8.67E+16
A. Buksa - New England Revolution,New England Revolution,77.5,4,rare,833.0366667,4.21E+17
Carles Gil - New England Revolution,New England Revolution,89.9,3,rare,3638.803333,1.80E+18
G. Bou - New England Revolution,New England Revolution,0,4,rare,1018.996667,3.73E+17
J. Altidore - New England Revolution,New England Revolution,0,4,rare,67.65,2.99E+16
M. Turner - New England Revolution,New England Revolution,42.6,1,rare,998.8333333,4.16E+17
E. Boateng - New England Revolution,New England Revolution,35.7,3,rare,55.61333333,2.41E+16
O. GonzÃ¡lez - New England Revolution,New England Revolution,0,2,rare,35.67333333,1.44E+16
D. Rivera - New England Revolution,New England Revolution,0,3,rare,160.7333333,7.43E+16
B. Bye - New England Revolution,New England Revolution,48.4,2,rare,194.5633333,1.01E+17
E. Edwards - New England Revolution,New England Revolution,0,1,rare,115.6133333,4.10E+16
J. Rennicks - New England Revolution,New England Revolution,25,4,rare,133.53,5.28E+16
T. McNamara - New England Revolution,New England Revolution,30.9,3,rare,64.94666667,2.92E+16
J. Bell - New England Revolution,New England Revolution,0,2,rare,28.03333333,1.05E+16
A. Farrell - New England Revolution,New England Revolution,60.6,2,rare,617.9566667,3.19E+17
A. DeLaGarza - New England Revolution,New England Revolution,0,2,rare,6.67,2.63333E+15
J. Jackson - New England Revolution,New England Revolution,0,1,rare,128.88,4.51E+16
A. Traustason - New England Revolution,New England Revolution,31.7,3,rare,23.15333333,1.17E+16
M. Polster - New England Revolution,New England Revolution,49.4,3,rare,198.7866667,8.57E+16
R. Spaulding - New England Revolution,New England Revolution,0,2,rare,37.165,1.47E+16
V. Castellanos - New York City FC,New York City FC,81.1,4,rare,2677.98,1.22E+18
A. Callens - New York City FC,New York City FC,64.6,2,rare,262.1666667,1.21E+17
G. Zelalem - New York City FC,New York City FC,0,3,rare,36.20666667,1.30E+16
J. Haak - New York City FC,New York City FC,0,3,rare,29.73333333,1.08E+16
A. Jasson - New York City FC,New York City FC,27.4,3,rare,45.18,2.09E+16
V. Latinovich - New York City FC,New York City FC,0,2,rare,29.225,1.18E+16
Thiago Andrade - New York City FC,New York City FC,26.3,4,rare,2464.06,9.37E+17
M. Amundsen - New York City FC,New York City FC,0,2,rare,216.37,7.77E+16
C. Mizell - New York City FC,New York City FC,0,1,rare,51.72333333,1.83E+16
A. Morales - New York City FC,New York City FC,38.8,3,rare,129.2866667,5.03E+16
Thiago Martins - New York City FC,New York City FC,42.4,2,rare,511.4766667,2.57E+17
L. Barraza - New York City FC,New York City FC,0,1,rare,119.2566667,4.93E+16
Heber - New York City FC,New York City FC,0,4,rare,100.9966667,4.24E+16
M. Chanot - New York City FC,New York City FC,0,2,rare,145.57,6.80E+16
T. Gray - New York City FC,New York City FC,0,2,rare,304.9033333,1.39E+17
M. Moralez - New York City FC,New York City FC,98.8,3,rare,667.5566667,2.64E+17
N. Acevedo - New York City FC,New York City FC,52,3,rare,138.6833333,5.48E+16
S. RodrÃ­guez - New York City FC,New York City FC,60,3,rare,2924.756667,1.12E+18
K. Parks - New York City FC,New York City FC,47.8,3,rare,456.82,2.06E+17
S. Johnson - New York City FC,New York City FC,60,1,rare,1495.75,5.82E+17
C. Gloster - New York City FC,New York City FC,52.9,2,rare,86.30666667,3.07E+16
A. Tinnerholm - New York City FC,New York City FC,0,2,rare,74.52,3.25E+16
Talles Magno - New York City FC,New York City FC,78.2,4,rare,3605.245,1.39E+18
O. Fernandez - New York Red Bulls,New York Red Bulls,31.9,3,rare,198.1466667,7.40E+16
Z. Ryan - New York Red Bulls,New York Red Bulls,25.1,4,rare,51.87,2.00E+16
J. Pendant - New York Red Bulls,New York Red Bulls,24.9,2,rare,25.52,1.08E+16
T. Barlow - New York Red Bulls,New York Red Bulls,40.8,4,rare,88.69666667,3.59E+16
R. Meara - New York Red Bulls,New York Red Bulls,0,1,rare,43.51333333,2.18E+16
S. Ngoma - New York Red Bulls,New York Red Bulls,0,4,rare,234.105,8.67E+16
L. MonzÃ³n - New York Red Bulls,New York Red Bulls,0,2,rare,82.65,2.98E+16
P. Klimala - New York Red Bulls,New York Red Bulls,40.8,4,rare,718.62,2.72E+17
A. Marcucci - New York Red Bulls,New York Red Bulls,0,1,rare,120.74,4.92E+16
Carlos Coronel - New York Red Bulls,New York Red Bulls,40,1,rare,1293.356667,6.67E+17
J. Tolkin - New York Red Bulls,New York Red Bulls,37.7,2,rare,377.3733333,1.57E+17
C. Harper - New York Red Bulls,New York Red Bulls,68.4,4,rare,59.35333333,2.10E+16
C. CÃ¡sseres - New York Red Bulls,New York Red Bulls,0,3,rare,231.3266667,1.18E+17
F. Amaya - New York Red Bulls,New York Red Bulls,47.9,3,rare,730.3433333,2.97E+17
L. Morgan - New York Red Bulls,New York Red Bulls,0,3,rare,316.17,1.47E+17
D. Yearwood - New York Red Bulls,New York Red Bulls,50.1,3,rare,95.36333333,4.38E+16
A. Reyes - New York Red Bulls,New York Red Bulls,0,2,rare,107.8333333,3.98E+16
S. Nealis - New York Red Bulls,New York Red Bulls,96.4,2,rare,163.9533333,7.75E+16
D. Edelman - New York Red Bulls,New York Red Bulls,22.9,3,rare,115.3366667,3.98E+16
D. Nealis - New York Red Bulls,New York Red Bulls,8,2,rare,66.33,2.78E+16
A. Long - New York Red Bulls,New York Red Bulls,0,2,rare,177.9433333,8.70E+16
B. Estrela - New York Red Bulls,New York Red Bulls,0,3,rare,159.3233333,6.34E+16
A. Perea - Orlando City SC,Orlando City SC,48.6,3,rare,61.63666667,3.04E+16
S. van der Water - Orlando City SC,Orlando City SC,0,4,rare,68.91666667,2.58E+16
J. Lynn - Orlando City SC,Orlando City SC,0,4,rare,48.54333333,1.70E+16
J. Dezart - Orlando City SC,Orlando City SC,0,3,rare,23.43333333,8.33333E+15
E. Kara - Orlando City SC,Orlando City SC,36.1,4,rare,728.1666667,2.70E+17
Ruan - Orlando City SC,Orlando City SC,64.5,2,rare,80.60666667,4.22E+16
J. MÃ©ndez - Orlando City SC,Orlando City SC,28,3,rare,106.59,3.86E+16
A. Freeman - Orlando City SC,Orlando City SC,0,2,rare,45.24666667,1.77E+16
K. Smith - Orlando City SC,Orlando City SC,69.1,2,rare,14.66666667,7.7E+15
J. Mulraney - Orlando City SC,Orlando City SC,24,3,rare,54.84333333,2.22E+16
C. AraÃºjo - Orlando City SC,Orlando City SC,66.4,3,rare,458.8166667,1.86E+17
A. Grinwis - Orlando City SC,Orlando City SC,0,1,rare,32.01,1.27E+16
BraganÃ§a - Orlando City SC,Orlando City SC,84,2,rare,547.6833333,2.38E+17
M. Halliday - Orlando City SC,Orlando City SC,0,2,rare,35.51333333,1.31E+16
M. Stajduhar - Orlando City SC,Orlando City SC,0,1,rare,174.9866667,6.46E+16
T. Williams - Orlando City SC,Orlando City SC,0,2,rare,70.655,2.77E+16
AntÃ´nio Carlos - Orlando City SC,Orlando City SC,0,2,rare,147.1,7.23E+16
R. Jansson - Orlando City SC,Orlando City SC,53,2,rare,213.7366667,1.02E+17
M. Pereyra - Orlando City SC,Orlando City SC,61.7,3,rare,468.5166667,1.82E+17
F. Torres - Orlando City SC,Orlando City SC,49.9,3,rare,835.27,3.05E+17
P. Gallese - Orlando City SC,Orlando City SC,66.6,1,rare,1307.17,5.23E+17
R. Schlegel - Orlando City SC,Orlando City SC,58.5,2,rare,140.9033333,5.26E+16
W. Rivera - Orlando City SC,Orlando City SC,0,3,rare,86.935,3.27E+16
JÃºnior Urso - Orlando City SC,Orlando City SC,37.6,3,rare,110.85,4.60E+16
B. Michel - Orlando City SC,Orlando City SC,0,4,rare,131.56,5.91E+16
T. Akindele - Orlando City SC,Orlando City SC,0,4,rare,37.01666667,1.71E+16
Alexandre Pato - Orlando City SC,Orlando City SC,71,4,rare,376.2666667,1.65E+17
N. Harriel - Philadelphia Union,Philadelphia Union,39.2,2,rare,624.4566667,2.89E+17
C. Turner - Philadelphia Union,Philadelphia Union,0,3,rare,24.07333333,8.36667E+15
K. Wagner - Philadelphia Union,Philadelphia Union,68,2,rare,445.24,2.03E+17
J. Glesnes - Philadelphia Union,Philadelphia Union,48.9,2,rare,268.8966667,1.28E+17
A. Sorenson - Philadelphia Union,Philadelphia Union,0,2,rare,31.74,1.32E+16
B. Craig - Philadelphia Union,Philadelphia Union,0,3,rare,65.87,2.58E+16
J. McGlynn - Philadelphia Union,Philadelphia Union,30.1,3,rare,166.08,5.81E+16
JosÃ© MartÃ­nez - Philadelphia Union,Philadelphia Union,44.4,3,rare,205.2033333,7.91E+16
P. Aaronson - Philadelphia Union,Philadelphia Union,0,3,rare,519.67,1.98E+17
A. Bedoya - Philadelphia Union,Philadelphia Union,38.5,3,rare,115.4666667,5.53E+16
S. Findlay - Philadelphia Union,Philadelphia Union,0,2,rare,39.56333333,1.57E+16
L. Flach - Philadelphia Union,Philadelphia Union,37.5,3,rare,294.7366667,1.25E+17
O. Mbaizo - Philadelphia Union,Philadelphia Union,22.2,2,rare,34.76333333,1.41E+16
C. Burke - Philadelphia Union,Philadelphia Union,30.7,4,rare,99.26666667,3.45E+16
J. Bueno - Philadelphia Union,Philadelphia Union,0,3,rare,50.17666667,1.76E+16
M. Real - Philadelphia Union,Philadelphia Union,0,2,rare,24.33,8.73333E+15
F. Matthew - Philadelphia Union,Philadelphia Union,0,1,rare,232.1566667,9.61E+16
J. Carranza - Philadelphia Union,Philadelphia Union,32,4,rare,779.93,3.73E+17
D. Gazdag - Philadelphia Union,Philadelphia Union,60,3,rare,473.9,1.65E+17
J. Elliott - Philadelphia Union,Philadelphia Union,42.2,2,rare,215.0366667,1.12E+17
Sergio Santos - Philadelphia Union,Philadelphia Union,69.1,4,rare,174.3866667,7.43E+16
A. Blake - Philadelphia Union,Philadelphia Union,52.6,1,rare,1334.81,6.58E+17
Q. Sullivan - Philadelphia Union,Philadelphia Union,0,3,rare,209.6433333,8.49E+16
J. Bendik - Philadelphia Union,Philadelphia Union,0,1,rare,19.48333333,9.5E+15
M. Uhre - Philadelphia Union,Philadelphia Union,0,4,rare,603.59,2.25E+17
H. Sulte - Portland Timbers,Portland Timbers,0,1,rare,201.3566667,7.06E+16
S. Blanco - Portland Timbers,Portland Timbers,100,3,rare,117.9133333,5.73E+16
D. Å½upariÄ - Portland Timbers,Portland Timbers,36.9,2,rare,85.96,3.79E+16
M. LorÃ­a - Portland Timbers,Portland Timbers,63.8,3,rare,64.94,2.85E+16
E. Williamson - Portland Timbers,Portland Timbers,65.9,3,rare,166.3266667,5.89E+16
J.Rasmussen - Portland Timbers,Portland Timbers,63.4,2,rare,83.22666667,2.93E+16
J. Vom Steeg - Portland Timbers,Portland Timbers,0,1,rare,58.82,2.50E+16
B. Tuiloma - Portland Timbers,Portland Timbers,60,3,rare,77.79333333,4.07E+16
D. Bingham - Portland Timbers,Portland Timbers,0,1,rare,200.6033333,8.49E+16
P. Bonilla - Portland Timbers,Portland Timbers,24.4,2,rare,60.84333333,2.00E+16
J. Van Rankin - Portland Timbers,Portland Timbers,6.4,2,rare,119.38,4.26E+16
L. Mabiala - Portland Timbers,Portland Timbers,0,2,rare,144.2666667,7.17E+16
D. CharÃ¡ - Portland Timbers,Portland Timbers,95.9,3,rare,104.79,5.53E+16
F. Mora - Portland Timbers,Portland Timbers,0,4,rare,287.56,1.17E+17
B. Bodily - Portland Timbers,Portland Timbers,0,3,rare,27.83,1.08E+16
T. Ikoba - Portland Timbers,Portland Timbers,25.7,4,rare,110.82,4.21E+16
C. Bravo - Portland Timbers,Portland Timbers,0,2,rare,277.2766667,1.35E+17
C. Paredes - Portland Timbers,Portland Timbers,84.1,3,rare,166.87,7.45E+16
J. Niezgoda - Portland Timbers,Portland Timbers,0,4,rare,207.9666667,1.08E+17
D. Asprilla - Portland Timbers,Portland Timbers,0,4,rare,196.0266667,9.13E+16
G. Fochive - Portland Timbers,Portland Timbers,0,3,rare,34.21333333,1.18E+16
Z. McGraw - Portland Timbers,Portland Timbers,25,2,rare,70.27,2.71E+16
A. IvaÄiÄ - Portland Timbers,Portland Timbers,41.3,1,rare,788.5266667,4.29E+17
R. MÃ©ndez - Real Salt Lake,Real Salt Lake,25.1,4,rare,226.0533333,9.49E+16
J. Wellings - Real Salt Lake,Real Salt Lake,0,3,rare,99.68333333,3.86E+16
J. LÃ¶ffelsend - Real Salt Lake,Real Salt Lake,48.2,3,rare,51.02333333,1.81E+16
B. Davis - Real Salt Lake,Real Salt Lake,0,3,rare,37.41666667,1.49E+16
A. Kei - Real Salt Lake,Real Salt Lake,0,4,rare,486.7133333,1.90E+17
T. Schmitt - Real Salt Lake,Real Salt Lake,24.6,4,rare,79.04666667,3.20E+16
J. Benitez - Real Salt Lake,Real Salt Lake,0,3,rare,47.98,1.71E+16
D. Kreilach - Real Salt Lake,Real Salt Lake,0,3,rare,224.0166667,8.44E+16
S. Caldwell - Real Salt Lake,Real Salt Lake,59.4,3,rare,46.575,1.73E+16
M. Chang - Real Salt Lake,Real Salt Lake,66.7,3,rare,81.60666667,4.11E+16
J. Dewsnup - Real Salt Lake,Real Salt Lake,0,1,rare,229.1333333,8.02E+16
Z. MacMath - Real Salt Lake,Real Salt Lake,20.5,1,rare,574.4766667,2.84E+17
Z. Farnsworth - Real Salt Lake,Real Salt Lake,0,2,rare,27.68,1.08E+16
M. Silva - Real Salt Lake,Real Salt Lake,46.2,2,rare,153.6133333,8.23E+16
J. Glad - Real Salt Lake,Real Salt Lake,52.5,2,rare,313.2666667,1.20E+17
Everton Luiz - Real Salt Lake,Real Salt Lake,26.2,3,rare,38.12,1.99E+16
C. Garcia - Real Salt Lake,Real Salt Lake,0,4,rare,70.30333333,2.44E+16
J. Kappelhof - Real Salt Lake,Real Salt Lake,0,2,rare,18.98333333,6.66667E+15
P. RuÃ­z - Real Salt Lake,Real Salt Lake,0,3,rare,678.2933333,3.30E+17
A. Herrera - Real Salt Lake,Real Salt Lake,56.2,2,rare,162.7466667,6.34E+16
Justin Meram - Real Salt Lake,Real Salt Lake,74.1,4,rare,315.9933333,1.61E+17
E. Holt - Real Salt Lake,Real Salt Lake,0,2,rare,34.69,1.26E+16
A. Brody - Real Salt Lake,Real Salt Lake,82.7,2,rare,78.24,3.60E+16
J. MenÃ©ndez - Real Salt Lake,Real Salt Lake,0,4,rare,70.43333333,2.52E+16
B. Halsey - Real Salt Lake,Real Salt Lake,0,2,rare,19.89,8E+15
G. Beavers - Real Salt Lake,Real Salt Lake,0,1,rare,161.0933333,5.76E+16
D. Ochoa - Real Salt Lake,Real Salt Lake,0,1,rare,1668.903333,8.00E+17
N. Besler - Real Salt Lake,Real Salt Lake,0,3,rare,28.59333333,1.04E+16
S. CÃ³rdova - Real Salt Lake,Real Salt Lake,38.6,4,rare,238.7533333,1.04E+17
J. Orozco - Real Salt Lake,Real Salt Lake,0,2,rare,103.8233333,3.68E+16
JoÃ£o Paulo - Seattle Sounders FC,Seattle Sounders FC,0,3,rare,209.6033333,9.92E+16
J. Atencio - Seattle Sounders FC,Seattle Sounders FC,24.2,3,rare,104.3033333,3.88E+16
N. Lodeiro - Seattle Sounders FC,Seattle Sounders FC,74.1,3,rare,963.3833333,5.12E+17
J. Morris - Seattle Sounders FC,Seattle Sounders FC,41.5,4,rare,614.1666667,2.25E+17
LÃ©o ChÃº - Seattle Sounders FC,Seattle Sounders FC,0,3,rare,128.2533333,4.59E+16
A. Thomas - Seattle Sounders FC,Seattle Sounders FC,0,1,rare,87.35666667,3.17E+16
Y. GÃ³mez - Seattle Sounders FC,Seattle Sounders FC,43.1,2,rare,710.83,2.90E+17
X. Arreaga - Seattle Sounders FC,Seattle Sounders FC,42.4,2,rare,177.1333333,7.44E+16
A. Roldan - Seattle Sounders FC,Seattle Sounders FC,41.5,3,rare,190.2566667,6.85E+16
K. Rowe - Seattle Sounders FC,Seattle Sounders FC,30.7,3,rare,68.73666667,2.71E+16
W. Bruin - Seattle Sounders FC,Seattle Sounders FC,0,4,rare,48.59,2.54E+16
D. Leyva - Seattle Sounders FC,Seattle Sounders FC,0,3,rare,67.58333333,2.58E+16
O. Vargas - Seattle Sounders FC,Seattle Sounders FC,39.9,3,rare,644.5,2.41E+17
C. Roldan - Seattle Sounders FC,Seattle Sounders FC,92.7,3,rare,698.77,2.97E+17
A. RusnÃ¡k - Seattle Sounders FC,Seattle Sounders FC,46.6,3,rare,650.0666667,2.99E+17
S. Cleveland - Seattle Sounders FC,Seattle Sounders FC,0,1,rare,253.7466667,1.29E+17
S. Frei - Seattle Sounders FC,Seattle Sounders FC,45,1,rare,743.1633333,3.47E+17
J. Medranda - Seattle Sounders FC,Seattle Sounders FC,0,2,rare,38.53333333,1.47E+16
F. Montero - Seattle Sounders FC,Seattle Sounders FC,0,4,rare,70.83333333,3.23E+16
R. RuidÃ­az - Seattle Sounders FC,Seattle Sounders FC,62.8,4,rare,857.5033333,3.57E+17
N. Tolo - Seattle Sounders FC,Seattle Sounders FC,28.5,2,rare,128.97,5.00E+16
A. Cissoko - Seattle Sounders FC,Seattle Sounders FC,0,2,rare,241.47,8.45E+16
S. Adeniran - Seattle Sounders FC,Seattle Sounders FC,0,4,rare,83.1,2.91E+16
R. Baker-Whiting - Seattle Sounders FC,Seattle Sounders FC,0,3,rare,427.1133333,1.43E+17
A. Chavez - Seattle Sounders FC,Seattle Sounders FC,0,4,rare,61.96333333,2.17E+16
D. Teves - Seattle Sounders FC,Seattle Sounders FC,0,4,rare,62.17666667,2.17E+16
M. LÃ³pez - San Jose Earthquakes,San Jose Earthquakes,39.7,2,rare,104.8,3.74E+16
T. Thompson - San Jose Earthquakes,San Jose Earthquakes,0,2,rare,42.85333333,1.76E+16
J. Marcinkowski - San Jose Earthquakes,San Jose Earthquakes,31.3,1,rare,840.1933333,4.05E+17
E. Ochoa - San Jose Earthquakes,San Jose Earthquakes,0,1,rare,340.6666667,1.34E+17
C. Espinoza - San Jose Earthquakes,San Jose Earthquakes,81.3,3,rare,177.9333333,8.09E+16
E. Remedi - San Jose Earthquakes,San Jose Earthquakes,41.8,3,rare,94.71666667,3.44E+16
O. Ãgren - San Jose Earthquakes,San Jose Earthquakes,0,2,rare,29.305,1.08E+16
Nathan - San Jose Earthquakes,San Jose Earthquakes,31.6,2,rare,1335.78,4.94E+17
B. Kikanovic - San Jose Earthquakes,San Jose Earthquakes,25.1,4,rare,156.2333333,6.93E+16
Jamiro Monteiro - San Jose Earthquakes,San Jose Earthquakes,73.7,3,rare,485.2733333,1.85E+17
W. Richmond - San Jose Earthquakes,San Jose Earthquakes,0,4,rare,43.63,1.72E+16
J. GreguÅ¡ - San Jose Earthquakes,San Jose Earthquakes,32.2,3,rare,473.8933333,1.90E+17
S. Salinas - San Jose Earthquakes,San Jose Earthquakes,0,3,rare,10.01,3.7E+15
J. LÃ³pez - San Jose Earthquakes,San Jose Earthquakes,0,3,rare,167.4933333,7.86E+16
G. Asomani - San Jose Earthquakes,San Jose Earthquakes,0,3,rare,19.65333333,6.8E+15
P. Marie - San Jose Earthquakes,San Jose Earthquakes,41,3,rare,57.46666667,3.00E+16
T. Beason - San Jose Earthquakes,San Jose Earthquakes,0,2,rare,76.32333333,3.68E+16
Judson - San Jose Earthquakes,San Jose Earthquakes,0,3,rare,35.49333333,1.43E+16
S. Haji - San Jose Earthquakes,San Jose Earthquakes,0,3,rare,23.94666667,9.73333E+15
C. Cowell - San Jose Earthquakes,San Jose Earthquakes,66.3,4,rare,447.8633333,1.78E+17
J. Ebobisse - San Jose Earthquakes,San Jose Earthquakes,84.5,4,rare,621.05,2.93E+17
M. Bersano - San Jose Earthquakes,San Jose Earthquakes,0,1,rare,50.69,2.40E+16
J. Yueill - San Jose Earthquakes,San Jose Earthquakes,42.6,3,rare,129.5133333,6.23E+16
O. Bouda - San Jose Earthquakes,San Jose Earthquakes,26.9,4,rare,141.33,5.22E+16
F. Calvo - San Jose Earthquakes,San Jose Earthquakes,44.3,2,rare,199.31,8.37E+16
G. Fuentes - San Jose Earthquakes,San Jose Earthquakes,0,4,rare,37.14666667,1.28E+16
N. Tsakiris - San Jose Earthquakes,San Jose Earthquakes,0,3,rare,97.18,3.57E+16
C. Walls - San Jose Earthquakes,San Jose Earthquakes,0,2,rare,38.81333333,1.35E+16
J. Skahan - San Jose Earthquakes,San Jose Earthquakes,23,3,rare,13.16,5.7E+15
K. Ford - Sporting Kansas City ,Sporting Kansas City ,53.5,2,rare,147.1866667,6.67E+16
D. Salloi - Sporting Kansas City ,Sporting Kansas City ,42.4,4,rare,767.5,2.62E+17
L. Ndenbe - Sporting Kansas City ,Sporting Kansas City ,19,2,rare,190.88,7.11E+16
K. McIntosh - Sporting Kansas City ,Sporting Kansas City ,0,1,rare,47.45333333,1.69E+16
N. Isimat-Mirin - Sporting Kansas City ,Sporting Kansas City ,0,2,rare,92.6,3.55E+16
G. Kinda - Sporting Kansas City ,Sporting Kansas City ,0,3,rare,125.26,4.42E+16
R. Walter - Sporting Kansas City ,Sporting Kansas City ,36.5,3,rare,194.29,9.18E+16
Cameron Duke - Sporting Kansas City ,Sporting Kansas City ,39,3,rare,92.2,3.60E+16
Oriol Rosell - Sporting Kansas City ,Sporting Kansas City ,44.8,3,rare,60.84333333,2.59E+16
F. Hernandez - Sporting Kansas City ,Sporting Kansas City ,76.5,3,rare,61.03666667,2.51E+16
M. Tzionis - Sporting Kansas City ,Sporting Kansas City ,66.9,3,rare,274.31,1.03E+17
FontÃ s - Sporting Kansas City ,Sporting Kansas City ,0,2,rare,135.3066667,7.05E+16
G. Zusi - Sporting Kansas City ,Sporting Kansas City ,0,2,rare,130.81,4.92E+16
R. Espinoza - Sporting Kansas City ,Sporting Kansas City ,38.5,3,rare,57.33,2.44E+16
T. Melia - Sporting Kansas City ,Sporting Kansas City ,16.8,1,rare,542.0966667,2.76E+17
K. Rad - Sporting Kansas City ,Sporting Kansas City ,0,2,rare,28.25333333,1.00E+16
A. Pulido - Sporting Kansas City ,Sporting Kansas City ,0,4,rare,157.2533333,5.40E+16
J. Pulskamp - Sporting Kansas City ,Sporting Kansas City ,0,1,rare,834.5466667,2.94E+17
K. Shelton - Sporting Kansas City ,Sporting Kansas City ,37.2,4,rare,149.6066667,7.83E+16
J. Russell - Sporting Kansas City ,Sporting Kansas City ,66.3,4,rare,914.42,4.05E+17
O. Cisneros - Sporting Kansas City ,Sporting Kansas City ,0,3,rare,120.6666667,4.68E+16
B. Sweat - Sporting Kansas City ,Sporting Kansas City ,0,2,rare,33.67333333,1.59E+16
R. Voloder - Sporting Kansas City ,Sporting Kansas City ,28,2,rare,205.53,8.62E+16
A. Akinola - Toronto FC,Toronto FC,34.1,4,rare,500.56,1.97E+17
D. Kerr - Toronto FC,Toronto FC,41.3,4,rare,205.05,7.34E+16
JesÃºs JimÃ©nez - Toronto FC,Toronto FC,42.6,4,rare,1358.57,4.87E+17
J. Shaffelburg - Toronto FC,Toronto FC,0,4,rare,236.3533333,1.06E+17
C. Mavinga - Toronto FC,Toronto FC,0,2,rare,68.27333333,2.52E+16
J. Osorio - Toronto FC,Toronto FC,0,3,rare,252.64,1.15E+17
J. Marshall-Rutty - Toronto FC,Toronto FC,0,3,rare,932.4633333,3.25E+17
J. Nelson - Toronto FC,Toronto FC,36.6,4,rare,290.7033333,1.49E+17
Q. Westberg - Toronto FC,Toronto FC,0,1,rare,69.26,3.05E+16
L. MacNaughton - Toronto FC,Toronto FC,41.4,2,rare,73.55,2.75E+16
M. Bradley - Toronto FC,Toronto FC,39.9,3,rare,191.6033333,9.41E+16
Pozuelo - Toronto FC,Toronto FC,0,3,rare,641.8,3.21E+17
A. Bono - Toronto FC,Toronto FC,42,1,rare,653.7566667,3.49E+17
I. Achara - Toronto FC,Toronto FC,0,4,rare,72.31666667,2.58E+16
R. Priso-Mbongue - Toronto FC,Toronto FC,46.9,3,rare,140.3966667,4.65E+16
J. Perruzza - Toronto FC,Toronto FC,37.5,4,rare,110.0133333,3.89E+16
L. Petrasso - Toronto FC,Toronto FC,39.8,3,rare,125.67,4.83E+16
N. Okello - Toronto FC,Toronto FC,0,3,rare,99.06,3.96E+16
C. Salcedo - Toronto FC,Toronto FC,49.8,2,rare,435.3766667,1.51E+17
G. Ranjitsingh - Toronto FC,Toronto FC,0,1,rare,28.01666667,9.76667E+15
S. O'Neill - Toronto FC,Toronto FC,0,2,rare,99.12333333,5.08E+16
H. Afful - Charlotte FC,Charlotte FC,37.1,2,rare,17.79,6.26667E+15
C. Makoun - Charlotte FC,Charlotte FC,39.5,2,rare,102.9333333,3.77E+16
B. Bender - Charlotte FC,Charlotte FC,33.4,3,rare,679.77,2.63E+17
K. Kahlina - Charlotte FC,Charlotte FC,46.4,1,rare,1244.44,4.52E+17
D. Jones - Charlotte FC,Charlotte FC,0,3,rare,37.54666667,1.28E+16
A. Franco - Charlotte FC,Charlotte FC,41.4,3,rare,134.58,6.79E+16
M. Gaines - Charlotte FC,Charlotte FC,0,4,rare,61.63,2.29E+16
J. Mora - Charlotte FC,Charlotte FC,50,2,rare,49.93333333,2.38E+16
C. Fuchs - Charlotte FC,Charlotte FC,0,2,rare,115.7466667,4.37E+16
Andre Shinyashiki - Charlotte FC,Charlotte FC,34.3,4,rare,227.7033333,1.19E+17
J. SobociÅski - Charlotte FC,Charlotte FC,0,2,rare,40.44666667,1.43E+16
B. Bronico - Charlotte FC,Charlotte FC,51.1,3,rare,120.5833333,5.30E+16
J. AlcÃ­var - Charlotte FC,Charlotte FC,35.9,3,rare,484.8133333,1.81E+17
D. RÃ­os - Charlotte FC,Charlotte FC,28.1,4,rare,103.2066667,5.03E+16
C. Hegardt - Charlotte FC,Charlotte FC,0,3,rare,27.36666667,9.5E+15
P. Sisniega - Charlotte FC,Charlotte FC,0,1,rare,134.3533333,4.94E+16
Y. Reyna - Charlotte FC,Charlotte FC,25.1,4,rare,97.89,4.32E+16
G. Marks - Charlotte FC,Charlotte FC,0,1,rare,123.6466667,4.26E+16
A. Armour - Charlotte FC,Charlotte FC,0,2,rare,64.88666667,2.50E+16
Vinicius Mello - Charlotte FC,Charlotte FC,0,4,rare,168.515,6.34E+16
A. Walkes - Charlotte FC,Charlotte FC,0,2,rare,31.32333333,1.62E+16
K. Åwiderski - Charlotte FC,Charlotte FC,47.2,4,rare,1051.393333,3.72E+17
Sergio Ruiz - Charlotte FC,Charlotte FC,49,3,rare,92.56,3.67E+16
J. Lindsey - Charlotte FC,Charlotte FC,52.1,2,rare,155.4033333,5.99E+16
C. OrtÃ­z - Charlotte FC,Charlotte FC,0,4,rare,140.3,4.97E+16
G. Corujo - Charlotte FC,Charlotte FC,52.8,2,rare,354.4166667,1.54E+17
